Primer nombre ;Segundo nombre ;Primer apellido ;Segundo apellido ;Nombre completo 
MICHAEL;COLIN;INDRAGOLI;;MICHAEL COLIN INDRAGOLI
MARGARET;HELEN;MONDUELA;;MARGARET HELEN MONDUELA
VELICHKO;TEMNIK;;;VELICHKO TEMNIK 
CRISTINA;NOEMI;ALIZZI;;CRISTINA NOEMI ALIZZI
ANNA;BETLEM;MAGNALARDO;;ANNA BETLEM MAGNALARDO
CRISTINA;ESTHER;ESPEL;;CRISTINA ESTHER ESPEL
ALBERTO;PABLO;ALMEIDA;;ALBERTO PABLO ALMEIDA
ZULEIMA;BASCHERA;;;ZULEIMA BASCHERA 
MARIO;SERGIO;CHARVETTO;;MARIO SERGIO CHARVETTO
IOAN;ALIN;MADINIER;;IOAN ALIN MADINIER
JOSE;ALDEMAR;DESHAYES;;JOSE ALDEMAR DESHAYES
ELIZABETH;VICTORIA;BALUCZYNSKY;;ELIZABETH VICTORIA BALUCZYNSKY
FELIPE;AGUSTIN;PRATOLA;;FELIPE AGUSTIN PRATOLA
OUARDIA;LOGULLO;;;OUARDIA LOGULLO 
DJENEBA;KRYWEZENIA;;;DJENEBA KRYWEZENIA 
PAULINE;ANN;SAMMARTIN;;PAULINE ANN SAMMARTIN
CRISTINA;ALBA;ELSTNER;;CRISTINA ALBA ELSTNER
IGNACIO;LORENZO;ANTONELLO;;IGNACIO LORENZO ANTONELLO
MAIARA;BRATTOLI;;;MAIARA BRATTOLI 
PARWINDER;THESZ;;;PARWINDER THESZ 
GABRIELA;ANA;MERETZ;;GABRIELA ANA MERETZ
AURORA;ROSA;VILLELA;;AURORA ROSA VILLELA
SATOU;BONATO;;;SATOU BONATO 
MOHAMED;EL;AMIN;CAPOSSIO;MOHAMED EL AMIN
AMPARO;ASUNCION;INGLES;;AMPARO ASUNCION INGLES
LUCIANO;JESUS;PICCOLI;;LUCIANO JESUS PICCOLI
MARIA;DALILA;ALLEQ;;MARIA DALILA ALLEQ
RAQUEL;FATIMA;CARNIELLI;;RAQUEL FATIMA CARNIELLI
MARIA;MILAGROS;CABAÃ±AS;;MARIA MILAGROS CABAÃ±AS
REMEDIOS;CARMEN;ZALASAR;;REMEDIOS CARMEN ZALASAR
LINO;JESUS;SUARES;;LINO JESUS SUARES
MONICA;ELISABETH;AYDAR;;MONICA ELISABETH AYDAR
MARCO;IVAN;TAIRE;;MARCO IVAN TAIRE
MARIELA;SOLEDAD;GIGLIO;;MARIELA SOLEDAD GIGLIO
GRZEGORZ;PIOTR;BALARINI;;GRZEGORZ PIOTR BALARINI
ANATOLIY;GELVEZ;;;ANATOLIY GELVEZ 
FELIX;RAUL;POLKOSKI;;FELIX RAUL POLKOSKI
ERIKAS;GARRIDO;;;ERIKAS GARRIDO 
VICENTA;ANTONIA;BOLAÃ±EZ;;VICENTA ANTONIA BOLAÃ±EZ
ELENA;ANGELICA;LEE;;ELENA ANGELICA LEE
FILIPA;JONES;;;FILIPA JONES 
ISABEL;GABRIELA;ARGENTINI;;ISABEL GABRIELA ARGENTINI
LELA;PIEROBON;;;LELA PIEROBON 
JESUS;MOISES;VIGNE;;JESUS MOISES VIGNE
HUIHUI;CAPITINI;;;HUIHUI CAPITINI 
FLORIN;ION;ORQUERA;;FLORIN ION ORQUERA
MOHAMED;OMAR;SUNIAGA;;MOHAMED OMAR SUNIAGA
ATASARA;ARDOAIN;;;ATASARA ARDOAIN 
YANIN;RACZKO;;;YANIN RACZKO 
ANAMARIA;IOANA;CHERENCIO;;ANAMARIA IOANA CHERENCIO
SONIA;PILAR;CHIRINOS;;SONIA PILAR CHIRINOS
JAUME;FRANCESC;KAMANN;;JAUME FRANCESC KAMANN
VETA;KOMERS;;;VETA KOMERS 
YOBANY;TOMASSINI;;;YOBANY TOMASSINI 
ABDESSALEM;PADELLETTI;;;ABDESSALEM PADELLETTI 
ELADIO;LUIS;BURGA;;ELADIO LUIS BURGA
JAN;MARC;DI;CHELLO;JAN MARC DI
HIGINIO;JESUS;VANNI;;HIGINIO JESUS VANNI
ANGIE;JULIETH;SAHAKIAN;;ANGIE JULIETH SAHAKIAN
KATIE;ELIZABETH;MOSCHINO;;KATIE ELIZABETH MOSCHINO
ESPERANZA;DOLORES;CASADEVALL;;ESPERANZA DOLORES CASADEVALL
NICOLA;ANNE;BOLOÃ±A;;NICOLA ANNE BOLOÃ±A
IGNACIO;ALFONSO;BALLON;;IGNACIO ALFONSO BALLON
TERESA;NOEMI;SABINO;;TERESA NOEMI SABINO
ELENA;MARINA;RUBIDARTE;;ELENA MARINA RUBIDARTE
HAFEEZ;MONTIVERO;;;HAFEEZ MONTIVERO 
GEORGIANA;GABRIELA;YANUCCI;;GEORGIANA GABRIELA YANUCCI
ROMINA;ALEJANDRA;DEALECIO;;ROMINA ALEJANDRA DEALECIO
YOMAIRA;GALATI;;;YOMAIRA GALATI 
NAYUA;LACABANA;;;NAYUA LACABANA 
BENEMERITO;MAESTRO;;;BENEMERITO MAESTRO 
MARIA;CARMEN;GLORIA;AREA;MARIA CARMEN GLORIA
ZAIN;UL;MARZI;;ZAIN UL MARZI
NAARA;BRANDONI;;;NAARA BRANDONI 
MANUEL;VICENTE;SAUZA;;MANUEL VICENTE SAUZA
JOSE;PASTOR;CAPSI;;JOSE PASTOR CAPSI
PAULO;RENATO;ESCANDON;;PAULO RENATO ESCANDON
FRANCESC;VICENT;MORFINI;;FRANCESC VICENT MORFINI
ANA;FLOR;HONORES;;ANA FLOR HONORES
ROBERT;ALEXANDRU;MAYDANA;;ROBERT ALEXANDRU MAYDANA
MATILDE;ELENA;AMBROSI;;MATILDE ELENA AMBROSI
MARIA;ANNA;SARDO;;MARIA ANNA SARDO
DORA;INES;KINGSLAND;;DORA INES KINGSLAND
MARIANO;MASSO;;;MARIANO MASSO 
BLANCA;PIEDAD;QUINTAL;;BLANCA PIEDAD QUINTAL
ZOHARTZE;PATRON;;;ZOHARTZE PATRON 
MARIO;IGNACIO;CORDARA;;MARIO IGNACIO CORDARA
JUAN;AMADEO;HEISTERBORG;;JUAN AMADEO HEISTERBORG
DENNIS;WILLIAM;GUARNIOLO;;DENNIS WILLIAM GUARNIOLO
VEENA;ELOLA;;;VEENA ELOLA 
CARLOS;ISRAEL;PALAVECINOS;;CARLOS ISRAEL PALAVECINOS
BISILA;BARDAL;;;BISILA BARDAL 
XOAN;CARLOS;TONCONI;;XOAN CARLOS TONCONI
CHOUROUK;DACCI;;;CHOUROUK DACCI 
ESTEBAN;RAMON;LEALI;;ESTEBAN RAMON LEALI
MARIA;AUSENCIA;GUARNOCHEA;;MARIA AUSENCIA GUARNOCHEA
LINDA;PATRICIA;DATTILO;;LINDA PATRICIA DATTILO
LUZ;TONEATTI;;;LUZ TONEATTI 
MONICA;LEONOR;PRADA;;MONICA LEONOR PRADA
ALEXANDRA;VALERIA;MASSOR;;ALEXANDRA VALERIA MASSOR
MAURICIO;ALBERTO;ORTUÃ±O;;MAURICIO ALBERTO ORTUÃ±O
ANGELES;TRINIDAD;GIRALDO;;ANGELES TRINIDAD GIRALDO
DOROTA;AGNIESZKA;COLAYAGO;;DOROTA AGNIESZKA COLAYAGO
TRINIDAD;CARMEN;SAUTIER;;TRINIDAD CARMEN SAUTIER
JOSE;DIONISIO;KLALA;;JOSE DIONISIO KLALA
DOMINGO;ALFREDO;CHANTIRE;;DOMINGO ALFREDO CHANTIRE
ABARNE;RENTANI;;;ABARNE RENTANI 
SILVIE;ZAHABEDRA;;;SILVIE ZAHABEDRA 
ANGELA;NIEVES;GORAL;;ANGELA NIEVES GORAL
DAVID;FELIPE;REINOZO;;DAVID FELIPE REINOZO
DANIEL;GREGORIO;OJEDA;;DANIEL GREGORIO OJEDA
MANUEL;ANSELMO;BRUNETTO;;MANUEL ANSELMO BRUNETTO
ANGELA;KARINA;GAVIEIRO;;ANGELA KARINA GAVIEIRO
ALEKSANDRE;RUFFA;;;ALEKSANDRE RUFFA 
WILLIAM;ERNESTO;CANISA;;WILLIAM ERNESTO CANISA
ROBERTO;GUILLERMO;RABAGLIO;;ROBERTO GUILLERMO RABAGLIO
LINA;ISABEL;JACQUEZ;;LINA ISABEL JACQUEZ
CAROLINA;SUSANA;BERRETTA;;CAROLINA SUSANA BERRETTA
DIEGO;SERGIO;COMINI;;DIEGO SERGIO COMINI
VICTOR;MANEL;FRANCHI;;VICTOR MANEL FRANCHI
CARLOS;MARIANO;CAMPOS;;CARLOS MARIANO CAMPOS
YUVRAJ;ROMAGNOLI;;;YUVRAJ ROMAGNOLI 
TANTA;ARAGONEZ;;;TANTA ARAGONEZ 
ROSANA;ELIZABETH;DEL;OTERO;ROSANA ELIZABETH DEL
CRISTIAN;COSMIN;STUPAK;;CRISTIAN COSMIN STUPAK
BARTOLA;SOSA;;;BARTOLA SOSA 
ANTONIO;ISMAEL;TRENTI;;ANTONIO ISMAEL TRENTI
ROGELIO;LUIS;BROYA;;ROGELIO LUIS BROYA
FLERIDA;BOURNISSENT;;;FLERIDA BOURNISSENT 
EMILIANO;GABRIEL;PALACIN;;EMILIANO GABRIEL PALACIN
CHEIMA;KOTAS;;;CHEIMA KOTAS 
LUCIO;ANGEL;MARCOS;;LUCIO ANGEL MARCOS
DEMOFILO;ARBONES;;;DEMOFILO ARBONES 
SUSAN;LINDA;ORMELLA;;SUSAN LINDA ORMELLA
OLARIZU;ESCALERA;;;OLARIZU ESCALERA 
HANS;GUNTHER;GRAVANO;;HANS GUNTHER GRAVANO
GUILLERMO;JULIO;LLARULL;;GUILLERMO JULIO LLARULL
BERNARDITA;MARTINGASTE;;;BERNARDITA MARTINGASTE 
BEVERLY;LOTITO;;;BEVERLY LOTITO 
JESUS;ALEJANDRO;DONADEL;;JESUS ALEJANDRO DONADEL
FRANCISCA;ADELA;PARMA;;FRANCISCA ADELA PARMA
SEGUNDO;GONZALO;KESSLER;;SEGUNDO GONZALO KESSLER
EDWIN;ALEJANDRO;GAUDENZIO;;EDWIN ALEJANDRO GAUDENZIO
KEITH;JOHN;VIÃ±ES;;KEITH JOHN VIÃ±ES
NURIA;MARGARITA;ARBOLEDA;;NURIA MARGARITA ARBOLEDA
RAUL;ROBERTO;ZONI;;RAUL ROBERTO ZONI
SAHIB;ERMOSILLA;;;SAHIB ERMOSILLA 
KWASI;LANARI;;;KWASI LANARI 
DOLORES;MARIA;CERNEAZ;;DOLORES MARIA CERNEAZ
JOSE;SILVESTRE;HOFFMAN;;JOSE SILVESTRE HOFFMAN
ADRIAN;GEORGE;CHILAVER;;ADRIAN GEORGE CHILAVER
PETRA;CONCEPCION;ABACHINI;;PETRA CONCEPCION ABACHINI
SARA;BEATRIZ;DIEZ;;SARA BEATRIZ DIEZ
DOLORES;EUGENIA;QUIRE;;DOLORES EUGENIA QUIRE
LEYLA;MARIA;ZAISER;;LEYLA MARIA ZAISER
ALEJANDRO;EDUARDO;CARABAJAL;;ALEJANDRO EDUARDO CARABAJAL
SOTERA;BARSELLINI;;;SOTERA BARSELLINI 
BENTEJUI;ALMONTE;;;BENTEJUI ALMONTE 
HEURA;VIEYRA;;;HEURA VIEYRA 
FELISA;MARIA;BARRIOS;;FELISA MARIA BARRIOS
JUAN;NICASIO;RABENA;;JUAN NICASIO RABENA
ELIZABETH;MERCEDES;ROBIANO;;ELIZABETH MERCEDES ROBIANO
ROMINA;EICHLER;;;ROMINA EICHLER 
RITA;ESTHER;BARI;;RITA ESTHER BARI
MARGARET;ROSE;RICHARDSON;;MARGARET ROSE RICHARDSON
MARIO;RAFAEL;OCTAVIANI;;MARIO RAFAEL OCTAVIANI
ROBERT;ANTONIO;GALVEZ;;ROBERT ANTONIO GALVEZ
DEBORAH;ANNE;POWER;;DEBORAH ANNE POWER
YUEZHU;TONELLI;;;YUEZHU TONELLI 
TANVIR;ESQUIVO;;;TANVIR ESQUIVO 
KHAMIS;BAUDILLE;;;KHAMIS BAUDILLE 
MARIA;BELARMINA;CARAVAGGIO;;MARIA BELARMINA CARAVAGGIO
ANGELA;JANE;CHAIN;;ANGELA JANE CHAIN
JENNY;JOHANNA;CERNADAS;;JENNY JOHANNA CERNADAS
ELENA;TEODORA;IVACHUTA;;ELENA TEODORA IVACHUTA
FANIA;PIERDOMINICI;;;FANIA PIERDOMINICI 
APOLINARIO;HARASEMCHUK;;;APOLINARIO HARASEMCHUK 
TATIANA;VANESSA;CINELLI;;TATIANA VANESSA CINELLI
PEILI;ORSINI;;;PEILI ORSINI 
JOAQUIN;IGNACIO;PAIVA;;JOAQUIN IGNACIO PAIVA
ALEXANDER;XAVIER;UBOLDI;;ALEXANDER XAVIER UBOLDI
SANTIAGO;NAHUEL;VELARDE;;SANTIAGO NAHUEL VELARDE
FERENC;LAURENS;;;FERENC LAURENS 
ANGELINO;BELLI;;;ANGELINO BELLI 
MARIA;REGINA;SALIS;;MARIA REGINA SALIS
SOUNDOUS;ROLLER;;;SOUNDOUS ROLLER 
MARY;NIEVES;OLAZAGOITIA;;MARY NIEVES OLAZAGOITIA
MINGMING;APPENDINO;;;MINGMING APPENDINO 
GUILLERMO;JOSE;SALLENT;;GUILLERMO JOSE SALLENT
ISIS;BAREA;;;ISIS BAREA 
NELE;HAXHI;;;NELE HAXHI 
DAVID;GREGORIO;FORNO;;DAVID GREGORIO FORNO
GONZALO;EMILIO;REMEZZANO;;GONZALO EMILIO REMEZZANO
LAURA;ROSA;CARRIZALES;;LAURA ROSA CARRIZALES
ANDREA;VICTORIA;CORNAGLIA;;ANDREA VICTORIA CORNAGLIA
MANSOUR;OLESNIEVICZ;;;MANSOUR OLESNIEVICZ 
GABRIEL;VICENTE;CABARITI;;GABRIEL VICENTE CABARITI
JINLIAN;PREZZACCO;;;JINLIAN PREZZACCO 
LUISE;ESPONA;;;LUISE ESPONA 
ANDREEA;OANA;PUZZI;;ANDREEA OANA PUZZI
CILIA;PUCHO;;;CILIA PUCHO 
RAFAEL;REYES;CHAKNIS;;RAFAEL REYES CHAKNIS
EL;AMIN;SALIEGA;;EL AMIN SALIEGA
BELLA;JOSEFA;BONFANTI;;BELLA JOSEFA BONFANTI
EGOITZ;ALMAGRO;;;EGOITZ ALMAGRO 
VICTORIA;CATALINA;CAPPELLINO;;VICTORIA CATALINA CAPPELLINO
MAXIMO;FERNANDO;JADUR;;MAXIMO FERNANDO JADUR
HECTOR;ROBERTO;CIUFFOLINI;;HECTOR ROBERTO CIUFFOLINI
MARIA;IULIANA;HAMPEL;;MARIA IULIANA HAMPEL
LUBA;BATTAGLIERO;;;LUBA BATTAGLIERO 
MORENO;PASCIELLI;;;MORENO PASCIELLI 
LEANDRA;PEZZATI;;;LEANDRA PEZZATI 
LUCIA;LEONOR;PETER;;LUCIA LEONOR PETER
DEIMANTE;KOLEFF;;;DEIMANTE KOLEFF 
ANA;LIBIA;IMPELLICCIERI;;ANA LIBIA IMPELLICCIERI
NAJIM;FICI;;;NAJIM FICI 
MUHAMMAD;UMER;MILTOS;;MUHAMMAD UMER MILTOS
CARLA;TERESA;SPERANDINI;;CARLA TERESA SPERANDINI
VICENTE;CESAR;MAGALDI;;VICENTE CESAR MAGALDI
LEONARDO;RUBEN;MALDOCENA;;LEONARDO RUBEN MALDOCENA
GERMAN;ARIEL;BEL;;GERMAN ARIEL BEL
WAQAS;FIGARE;;;WAQAS FIGARE 
MARIA;ELCIRA;VERGALITO;;MARIA ELCIRA VERGALITO
RAJENDRA;HUARITA;;;RAJENDRA HUARITA 
MARIA;CONCHA;VILLAGOMEZ;;MARIA CONCHA VILLAGOMEZ
CHANGQING;LLANEZA;;;CHANGQING LLANEZA 
MING;VEGLIA;;;MING VEGLIA 
MARIO;FERNANDO;MIRRA;;MARIO FERNANDO MIRRA
ASSOU;YUSIF;;;ASSOU YUSIF 
ARABEL;CARNA;;;ARABEL CARNA 
JUAN;MARCOS;MONICA;;JUAN MARCOS MONICA
ARANZA;BIGNASCO;;;ARANZA BIGNASCO 
ABDEL;ILLAH;GALIAN;;ABDEL ILLAH GALIAN
RUTH;NOEMI;PICHIÃ±AN;;RUTH NOEMI PICHIÃ±AN
INES;ANTONIA;STOJANOVICH;;INES ANTONIA STOJANOVICH
ELISENDA;CONFORTTI;;;ELISENDA CONFORTTI 
VICTOR;CLEMENTE;CUBILLOS;;VICTOR CLEMENTE CUBILLOS
CORONACION;UÃ±O;;;CORONACION UÃ±O 
BLANCA;MARINA;BUCHERT;;BLANCA MARINA BUCHERT
BAUTISTA;CORDOBA;;;BAUTISTA CORDOBA 
ALAYN;CENTENO;;;ALAYN CENTENO 
RICHAR;DE;ZAGGAYZ;;RICHAR DE ZAGGAYZ
OSCAR;MARIANO;PRPIC;;OSCAR MARIANO PRPIC
SOFIA;VICTORIA;MAQUERA;;SOFIA VICTORIA MAQUERA
LAKHWINDER;MAZZERO;;;LAKHWINDER MAZZERO 
SAMANTHA;LUNA;;;SAMANTHA LUNA 
OLGUTA;CARIAGA;;;OLGUTA CARIAGA 
LAURENTIU;IONUT;TOÃ±OLE;;LAURENTIU IONUT TOÃ±OLE
WILDER;CIANCIO;;;WILDER CIANCIO 
JUAN;ANTON;RECCHIUTO;;JUAN ANTON RECCHIUTO
LINE;RIVADEO;;;LINE RIVADEO 
MERCEDES;CARMEN;GUARNASCHELLI;;MERCEDES CARMEN GUARNASCHELLI
JULIO;FEDERICO;FAUCETTA;;JULIO FEDERICO FAUCETTA
SAMBOU;ROQUEL;;;SAMBOU ROQUEL 
HILARINO;COSTAGANNA;;;HILARINO COSTAGANNA 
BLANCA;ESTER;FREDDOLINO;;BLANCA ESTER FREDDOLINO
YOLANDA;INMACULADA;HORISBERGER;;YOLANDA INMACULADA HORISBERGER
JOHANNA;ANDREA;ALDALUR;;JOHANNA ANDREA ALDALUR
ENRIQUETA;CARMEN;MARCOCICH;;ENRIQUETA CARMEN MARCOCICH
ROSSEMARY;DOMINGO;;;ROSSEMARY DOMINGO 
ANDRIS;BENZEL;;;ANDRIS BENZEL 
MICHELLE;ANNE;VILMAUX;;MICHELLE ANNE VILMAUX
RAZVAN;MARIUS;RAIS;;RAZVAN MARIUS RAIS
RAIMUNDO;ANTONIO;ABELLA;;RAIMUNDO ANTONIO ABELLA
LILIAN;MABEL;PARRA;;LILIAN MABEL PARRA
YEVGEN;SBORDELATI;;;YEVGEN SBORDELATI 
IRMA;JESUS;PENZ;;IRMA JESUS PENZ
CAPITOLINA;BALONI;;;CAPITOLINA BALONI 
CRISTO;YERAY;NARDA;;CRISTO YERAY NARDA
CARLITA;RODUEN;;;CARLITA RODUEN 
ROBERT;CATALIN;MOGGIO;;ROBERT CATALIN MOGGIO
FRANCISCA;CATALINA;ZORZON;;FRANCISCA CATALINA ZORZON
ANGELA;MIHAELA;GIORELLO;;ANGELA MIHAELA GIORELLO
JUAN;WENCESLAO;BOLOMO;;JUAN WENCESLAO BOLOMO
GIAN;LUIGI;SEGUI;;GIAN LUIGI SEGUI
MATIAS;MIGUEL;OYOMEK;;MATIAS MIGUEL OYOMEK
CARMEN;AURELIA;GAMBACURTA;;CARMEN AURELIA GAMBACURTA
ELIECER;JESUS;JACOB;;ELIECER JESUS JACOB
WENJUN;JUANES;;;WENJUN JUANES 
SUN;YÃ±IGO;;;SUN YÃ±IGO 
ROCIO;ALBA;ALAGGIO;;ROCIO ALBA ALAGGIO
WILSON;OSWALDO;BIRIBIN;;WILSON OSWALDO BIRIBIN
RALUCA;BIANCA;IMIDIO;;RALUCA BIANCA IMIDIO
QADEER;DEMARTINI;;;QADEER DEMARTINI 
DIEGO;ANIBAL;MENDALUK;;DIEGO ANIBAL MENDALUK
AGOSTINHO;KOROL;;;AGOSTINHO KOROL 
CLARISA;NAHUELQUIR;;;CLARISA NAHUELQUIR 
DARLING;PUBILL;;;DARLING PUBILL 
LICINIO;GLAS;;;LICINIO GLAS 
SOFIA;ROSARIO;ASTORINO;;SOFIA ROSARIO ASTORINO
PABLO;ARIEL;GANDULFO;;PABLO ARIEL GANDULFO
VIOLETA;ELENA;USHPIK;;VIOLETA ELENA USHPIK
REMEDIOS;ANGELES;PIZARRO;;REMEDIOS ANGELES PIZARRO
MARCO;AURELIO;REGOLO;;MARCO AURELIO REGOLO
ISMAEL;FRANCISCO;TARAPAYU;;ISMAEL FRANCISCO TARAPAYU
DANIEL;MATEO;GARRIDO;;DANIEL MATEO GARRIDO
HECTOR;JAVIER;BORDIS;;HECTOR JAVIER BORDIS
MARIYANA;IVANOVA;DIANI;;MARIYANA IVANOVA DIANI
EMELYN;ZILLA;;;EMELYN ZILLA 
SINFOROSO;ABRAHAM;;;SINFOROSO ABRAHAM 
EVILIA;VACA;;;EVILIA VACA 
HECTOR;IVAN;OKRUCINSKI;;HECTOR IVAN OKRUCINSKI
YUZHU;KNAPP;;;YUZHU KNAPP 
MARTIN;EDUARDO;HINRICHSEN;;MARTIN EDUARDO HINRICHSEN
DENIS;ALEJANDRO;MATTHEI;;DENIS ALEJANDRO MATTHEI
PEDRO;MOISES;KRUCHOSKI;;PEDRO MOISES KRUCHOSKI
TRINIDAD;MERCEDES;TORIANO;;TRINIDAD MERCEDES TORIANO
JOSE;ANICETO;CHITAY;;JOSE ANICETO CHITAY
LUIGIA;DEL;PORT;;LUIGIA DEL PORT
MARIELA;STORI;;;MARIELA STORI 
MARIA;RONCESVALLES;VITTOR;;MARIA RONCESVALLES VITTOR
JULIAN;FELIX;PRIETO;;JULIAN FELIX PRIETO
MARIA;JAZMIN;CHICHISOLA;;MARIA JAZMIN CHICHISOLA
MARGARITA;AURORA;RUZA;;MARGARITA AURORA RUZA
PAULO;JOSE;PANTIGA;;PAULO JOSE PANTIGA
DOMINGO;SANTIAGO;DIONISIO;;DOMINGO SANTIAGO DIONISIO
LUCIANO;CARLOS;NOVAK;;LUCIANO CARLOS NOVAK
KALILU;CALLEJAS;;;KALILU CALLEJAS 
BLANCA;LUZ;CHOQUETARQUI;;BLANCA LUZ CHOQUETARQUI
GUZMAN;INGARAMO;;;GUZMAN INGARAMO 
JOSE;LUIS;VICENTE;ACCIARRI;JOSE LUIS VICENTE
ANDREA;ELENA;DE;LUCCA;ANDREA ELENA DE
CARL;VISCOVICH;;;CARL VISCOVICH 
ANDREA;ROMINA;TOKUJO;;ANDREA ROMINA TOKUJO
KAMRUL;CASTELLI;;;KAMRUL CASTELLI 
MICHAEL;FRANK;DELL'ACQUA;;MICHAEL FRANK DELL'ACQUA
YARIXA;MOURATIAN;;;YARIXA MOURATIAN 
MARIA;PASION;PERGOLINI;;MARIA PASION PERGOLINI
PABLO;ALEJANDRO;FORNER;;PABLO ALEJANDRO FORNER
JORGE;MANRIQUE;ESTREMERO;;JORGE MANRIQUE ESTREMERO
ELISENDA;CROSSA;;;ELISENDA CROSSA 
LANA;NOTARIO;;;LANA NOTARIO 
PATRICIA;SILVANA;VODOPIVEC;;PATRICIA SILVANA VODOPIVEC
ELIER;BECCARIA;;;ELIER BECCARIA 
JULIO;LUIS;CHEVALLIER;;JULIO LUIS CHEVALLIER
ABDELAZIS;ECCHER;;;ABDELAZIS ECCHER 
ADONAI;ABECASIS;;;ADONAI ABECASIS 
MOMATH;VILLARRUEL;;;MOMATH VILLARRUEL 
NICOLAE;MIHAI;IBIETA;;NICOLAE MIHAI IBIETA
KAREN;MELISSA;CITWAR;;KAREN MELISSA CITWAR
ANTONIA;ROCIO;BARTOLUCCI;;ANTONIA ROCIO BARTOLUCCI
OSCAR;MARINO;PORTANERI;;OSCAR MARINO PORTANERI
XAQUELINE;DARUICH;;;XAQUELINE DARUICH 
DIEGO;FELIX;SANTANA;;DIEGO FELIX SANTANA
SOUMAILA;AGUINAGA;;;SOUMAILA AGUINAGA 
ANTONIO;ANDREI;LICATA;;ANTONIO ANDREI LICATA
ALVARO;IGNACIO;HEP;;ALVARO IGNACIO HEP
ROSARIO;VICENTA;BARONDO;;ROSARIO VICENTA BARONDO
MAHYUBA;LOSA;;;MAHYUBA LOSA 
ELISA;ROCIO;SANTACRUZ;;ELISA ROCIO SANTACRUZ
SARA;FILIPA;BRACESCO;;SARA FILIPA BRACESCO
ELODY;BORJES;;;ELODY BORJES 
SAIQA;CORNEJO;;;SAIQA CORNEJO 
FARIA;MAYNE;;;FARIA MAYNE 
ROBERT;ANTHONY;YENEQUINI;;ROBERT ANTHONY YENEQUINI
ELENA;VICTORIA;LASCH;;ELENA VICTORIA LASCH
ROSA;OLGA;SCHWANKE;;ROSA OLGA SCHWANKE
XENIA;MARIA;CARREL;;XENIA MARIA CARREL
CARMEN;ANDREA;GUEREDIAGA;;CARMEN ANDREA GUEREDIAGA
EL;HAFID;HOURS;;EL HAFID HOURS
ISIDRO;DANIEL;SASAL;;ISIDRO DANIEL SASAL
RAMONA;MARIANA;EREIRA;;RAMONA MARIANA EREIRA
EUGENIO;MARCOLLI;;;EUGENIO MARCOLLI 
HASEEB;SINDACO;;;HASEEB SINDACO 
SVETLANA;DE;VEGA;;SVETLANA DE VEGA
JESICA;MARIA;TURCONI;;JESICA MARIA TURCONI
HERMANN;WEILL;;;HERMANN WEILL 
PEKKA;JUHANI;BRIKMAN;;PEKKA JUHANI BRIKMAN
ROSA;HELENA;GIOVANNETTI;;ROSA HELENA GIOVANNETTI
KUN;COPPEDE;;;KUN COPPEDE 
NAHARA;VALICENTI;;;NAHARA VALICENTI 
ENEDINO;INSAURRALDE;;;ENEDINO INSAURRALDE 
MILAGROS;MARIA;ZARIELLO;;MILAGROS MARIA ZARIELLO
ANA;FLORENTINA;SCUTERI;;ANA FLORENTINA SCUTERI
DIMITAR;STEFANOV;PIANEZZA;;DIMITAR STEFANOV PIANEZZA
SEIKOU;BOCK;;;SEIKOU BOCK 
CARLOS;HIGINIO;NISTEROFF;;CARLOS HIGINIO NISTEROFF
UMAYMA;CHAMOULAO;;;UMAYMA CHAMOULAO 
ABDELKHALIK;NOURA;;;ABDELKHALIK NOURA 
CARLA;GABRIELA;IBBA;;CARLA GABRIELA IBBA
EIHAR;GAZQUEZ;;;EIHAR GAZQUEZ 
MALGORZATA;BEATA;BRECCIA;;MALGORZATA BEATA BRECCIA
MARCELLA;PROCACCI;;;MARCELLA PROCACCI 
NURIA;INMACULADA;QUISPEALAYA;;NURIA INMACULADA QUISPEALAYA
CORINA;ALEXANDRA;POPOVSKY;;CORINA ALEXANDRA POPOVSKY
MARIA;CRUCES;RUDAKOF;;MARIA CRUCES RUDAKOF
NIEVES;PORTENTOSO;;;NIEVES PORTENTOSO 
CONSUELO;ANGELES;TOLA;;CONSUELO ANGELES TOLA
DALI;PAYA;;;DALI PAYA 
EFREN;SCRIFFIGNANI;;;EFREN SCRIFFIGNANI 
VELKO;MARCELLO;;;VELKO MARCELLO 
ELENA;TRINIDAD;DYCHTER;;ELENA TRINIDAD DYCHTER
MARIA;ADOLFINA;PEROCHENA;;MARIA ADOLFINA PEROCHENA
ANA;VANESSA;YRALA;;ANA VANESSA YRALA
SONIA;ALICIA;PERMONI;;SONIA ALICIA PERMONI
MEHDIA;CORVALAN;;;MEHDIA CORVALAN 
ISABEL;SUSANA;JALY;;ISABEL SUSANA JALY
SEVERIANO;ANTENORI;;;SEVERIANO ANTENORI 
HOUSAM;SGOBBA;;;HOUSAM SGOBBA 
SUSANA;MERCEDES;PERIE;;SUSANA MERCEDES PERIE
KEVIN;FRANCISCO;COSCIO;;KEVIN FRANCISCO COSCIO
IZAN;DANIEL;SANDINI;;IZAN DANIEL SANDINI
SODA;LLORIAN;;;SODA LLORIAN 
KAROL;ANDREA;GAÃ±AN;;KAROL ANDREA GAÃ±AN
LUIS;HERNANDO;BRITOS;;LUIS HERNANDO BRITOS
LUISA;ELENA;TAKTAK;;LUISA ELENA TAKTAK
MARWANE;DE;OROMI;;MARWANE DE OROMI
WAJID;SAWADE;;;WAJID SAWADE 
DUMITRU;ADRIAN;RAFAEL;;DUMITRU ADRIAN RAFAEL
MARIA;CARINA;PEREGO;;MARIA CARINA PEREGO
DAVID;JAMES;DRAGO;;DAVID JAMES DRAGO
SANTIAGO;ISRAEL;AVOGADRO;;SANTIAGO ISRAEL AVOGADRO
KAREN;DENISSE;BELENDER;;KAREN DENISSE BELENDER
FILY;CHIAPPARO;;;FILY CHIAPPARO 
MAIXA;ISCASATI;;;MAIXA ISCASATI 
HARIDIAM;MORONTA;;;HARIDIAM MORONTA 
XOSE;LOIS;GARBERI;;XOSE LOIS GARBERI
COSTIN;WELESIK;;;COSTIN WELESIK 
BARBARA;CONCEPCION;D';ARPINO;BARBARA CONCEPCION D'
CLAUDIA;MIHAELA;ARTAZA;;CLAUDIA MIHAELA ARTAZA
JULIO;BENITO;PIETKOWSKY;;JULIO BENITO PIETKOWSKY
LOURDES;NOEMI;ANTIÃ±IR;;LOURDES NOEMI ANTIÃ±IR
SORIN;STEFAN;KOSSOY;;SORIN STEFAN KOSSOY
DIEGO;JUAN;SUÃ±E;;DIEGO JUAN SUÃ±E
ADONAIS;EPUIN;;;ADONAIS EPUIN 
MARIA;HORTENSIA;MAGNO;;MARIA HORTENSIA MAGNO
ZOI;CHARPENTIER;;;ZOI CHARPENTIER 
LUIS;BERNABE;FURBATTO;;LUIS BERNABE FURBATTO
MERCY;MASLO;;;MERCY MASLO 
DORIS;PATRICIA;HEIDEL;;DORIS PATRICIA HEIDEL
TASAWAR;PUSANZINI;;;TASAWAR PUSANZINI 
SAINZA;JAUME;;;SAINZA JAUME 
SEM;AYMARA;;;SEM AYMARA 
MAXIMO;DAVID;CASTIGLIONE;;MAXIMO DAVID CASTIGLIONE
ANAMARIA;IOANA;BARZINI;;ANAMARIA IOANA BARZINI
UMBERTO;RACH;;;UMBERTO RACH 
LINDA;JOY;PIMENTEL;;LINDA JOY PIMENTEL
CRISTIAN;RAFAEL;GIACCOTTO;;CRISTIAN RAFAEL GIACCOTTO
DISNEY;NEUMANN;;;DISNEY NEUMANN 
JEANETTE;CALA;;;JEANETTE CALA 
YINA;CARCAMO;;;YINA CARCAMO 
KHADIR;PICHUMAN;;;KHADIR PICHUMAN 
CONSUELO;DESAMPARADOS;TETTAMANTI;;CONSUELO DESAMPARADOS TETTAMANTI
CHRISTIAN;ALBERTO;DAGRAVA;;CHRISTIAN ALBERTO DAGRAVA
JORGE;ALBERTO;BEHERAN;;JORGE ALBERTO BEHERAN
KEVIN;AARON;AYET;;KEVIN AARON AYET
ALEJANDRA;CONCEPCION;LLAMOCCA;;ALEJANDRA CONCEPCION LLAMOCCA
SERGIO;ANTONIO;CHIAVAZZA;;SERGIO ANTONIO CHIAVAZZA
DILENIA;ZERZER;;;DILENIA ZERZER 
ALEXANDRU;NICOLAE;PALACIO;;ALEXANDRU NICOLAE PALACIO
JENYFER;VALLEAU;;;JENYFER VALLEAU 
MARINA;CECILIA;PRAVISANI;;MARINA CECILIA PRAVISANI
ZIRUI;PETRINA;;;ZIRUI PETRINA 
ANGEL;RAUL;ILLESCA;;ANGEL RAUL ILLESCA
GALDRIC;FOLE;;;GALDRIC FOLE 
JULIE;ANN;PENNETTA;;JULIE ANN PENNETTA
THAMAR;IBACACHE;;;THAMAR IBACACHE 
VIORICA;ELENA;TRAPAGA;;VIORICA ELENA TRAPAGA
GUOFU;DELORFANELLO;;;GUOFU DELORFANELLO 
SYDNEY;PACHKEVITCH;;;SYDNEY PACHKEVITCH 
KAIS;MALVELEN;;;KAIS MALVELEN 
NANCY;ISABEL;REMY;;NANCY ISABEL REMY
ILMA;TORIANI;;;ILMA TORIANI 
ANTONIO;CONSTANTINO;TALAMONA;;ANTONIO CONSTANTINO TALAMONA
FAUSTINO;BARBERENA;;;FAUSTINO BARBERENA 
MARIA;GRIMANESA;LANDOLT;;MARIA GRIMANESA LANDOLT
JENNY;KATHERINE;GUAMAN;;JENNY KATHERINE GUAMAN
IVAN;ALEXANDER;ABRAHAN;;IVAN ALEXANDER ABRAHAN
KATERYNA;VENERUZZO;;;KATERYNA VENERUZZO 
JOSE;FRANKLIN;REITTER;;JOSE FRANKLIN REITTER
MAXIMO;FRANCISCO;BORRAS;;MAXIMO FRANCISCO BORRAS
LOURDES;MARIA;YEZA;;LOURDES MARIA YEZA
CANCIO;MUSA;;;CANCIO MUSA 
ENCARNITA;LARA;;;ENCARNITA LARA 
CARMEN;YANIRA;BERLUSCONI;;CARMEN YANIRA BERLUSCONI
ADRIANO;CANTONI;;;ADRIANO CANTONI 
IORITZ;CUTRO;;;IORITZ CUTRO 
ANDRO;OBREGON;;;ANDRO OBREGON 
TERESA;ALICIA;MERNIES;;TERESA ALICIA MERNIES
ISABEL;ANDREA;BELEJ;;ISABEL ANDREA BELEJ
ALEXANDRU;GHEORGHE;SOFIAN;;ALEXANDRU GHEORGHE SOFIAN
MARIA;MARCIANA;SOTTOCORNO;;MARIA MARCIANA SOTTOCORNO
PAULA;EMILIA;PERROTTI;;PAULA EMILIA PERROTTI
JOSE;LIBERTO;MORATIEL;;JOSE LIBERTO MORATIEL
LUIS;BENITO;VILLAVERDE;;LUIS BENITO VILLAVERDE
BRIAN;ALAN;RUTILO;;BRIAN ALAN RUTILO
ARTURO;RAMON;NAZAR;;ARTURO RAMON NAZAR
NIKOLAY;ILIEV;SAMSON;;NIKOLAY ILIEV SAMSON
ANGEL;TOMAS;RUBIO;;ANGEL TOMAS RUBIO
RAFAEL;VICTOR;VEIRA;;RAFAEL VICTOR VEIRA
MARGARITA;ANA;BASMAD;;MARGARITA ANA BASMAD
DIANA;FERNANDA;LEÃ±ERO;;DIANA FERNANDA LEÃ±ERO
MONICA;LUISA;LUBLINSKY;;MONICA LUISA LUBLINSKY
IBAN;CARLOS;GALARZE;;IBAN CARLOS GALARZE
CHRISTOPHER;PATRICK;SIEBEN;;CHRISTOPHER PATRICK SIEBEN
VANESSA;ANGELES;ALOTAIBI;;VANESSA ANGELES ALOTAIBI
TOMEU;OGANDO;;;TOMEU OGANDO 
ELCIRA;RAVACHINI;;;ELCIRA RAVACHINI 
CAROLINA;LOURDES;AMPOSTA;;CAROLINA LOURDES AMPOSTA
MIGUEL;ROBERTO;BOIX;;MIGUEL ROBERTO BOIX
MARLON;ANTONIO;JORDAN;;MARLON ANTONIO JORDAN
JULIETTE;FILANGERI;;;JULIETTE FILANGERI 
MICHAEL;CHRISTOPHER;JACOMY;;MICHAEL CHRISTOPHER JACOMY
CHRISTINE;MARTORELLA;;;CHRISTINE MARTORELLA 
JOSE;LEON;MOFFO;;JOSE LEON MOFFO
ANA;ANGELA;MARINSALDA;;ANA ANGELA MARINSALDA
ARIEL;ANDRES;DE;GAUDIO;ARIEL ANDRES DE
CARLOS;SALVADOR;ROSBACO;;CARLOS SALVADOR ROSBACO
RAMONA;CLAUDIA;CASADEI;;RAMONA CLAUDIA CASADEI
MARIA;EDUVIGIS;GABUTTI;;MARIA EDUVIGIS GABUTTI
PABLO;ANTONIO;ASTORINO;;PABLO ANTONIO ASTORINO
PELIGROS;GORNO;;;PELIGROS GORNO 
AMALIA;MERCEDES;PIAN;;AMALIA MERCEDES PIAN
PETRONELLA;BUSSETTI;;;PETRONELLA BUSSETTI 
ELISABET;MARIA;ROTELA;;ELISABET MARIA ROTELA
IORDACHE;SCHEFFER;;;IORDACHE SCHEFFER 
EZEQUIEL;ANTONIO;DUSCOVICH;;EZEQUIEL ANTONIO DUSCOVICH
DIANA;INES;RINOMO;;DIANA INES RINOMO
CRISTINA;ANCA;BESSEL;;CRISTINA ANCA BESSEL
SAMREEN;NAVEDA;;;SAMREEN NAVEDA 
KATHERINE;LISBETH;VAN;;KATHERINE LISBETH VAN
YURENA;MARIA;BUDIÃ±O;;YURENA MARIA BUDIÃ±O
XAVIER;JOAN;DAVE;;XAVIER JOAN DAVE
NEDA;GRIGERA;;;NEDA GRIGERA 
JOSE;DAMIAN;GERBER;;JOSE DAMIAN GERBER
JAUME;RAMON;BARTOLOMEO;;JAUME RAMON BARTOLOMEO
DANIEL;FRANCISCO;TUNINETTI;;DANIEL FRANCISCO TUNINETTI
ROSA;EVELIA;GENESTAR;;ROSA EVELIA GENESTAR
SEYLA;KRZELJ;;;SEYLA KRZELJ 
JOAQUIM;ANTONIO;MAROTIAS;;JOAQUIM ANTONIO MAROTIAS
MARIANA;GEORGETA;GUINTER;;MARIANA GEORGETA GUINTER
SEGUNDO;JOSE;MASCIMINO;;SEGUNDO JOSE MASCIMINO
GEORGIANA;ADRIANA;ANTUAL;;GEORGIANA ADRIANA ANTUAL
PATRICIA;FATIMA;SIXTO;;PATRICIA FATIMA SIXTO
ROXANA;MADALINA;VILLAVONA;;ROXANA MADALINA VILLAVONA
OLEKSANDRA;GARCIA;;;OLEKSANDRA GARCIA 
LILIAN;CARMEN;CAMPO;;LILIAN CARMEN CAMPO
MILAGROS;VALLE;DISTEL;;MILAGROS VALLE DISTEL
MIKA;MOLINERO;;;MIKA MOLINERO 
ROSA;JOAQUINA;VIVALDO;;ROSA JOAQUINA VIVALDO
EDWIN;JAVIER;BOSCHMAN;;EDWIN JAVIER BOSCHMAN
RAUL;ARTURO;AZCURRA;;RAUL ARTURO AZCURRA
MARIA;ANTONIETTA;FEDERICCI;;MARIA ANTONIETTA FEDERICCI
BANESA;AMADUZZI;;;BANESA AMADUZZI 
TIANYU;ESPAÃ±OL;;;TIANYU ESPAÃ±OL 
ELENA;MILAGROS;CIANCIA;;ELENA MILAGROS CIANCIA
FRANCISCO;VICENTE;BURDINO;;FRANCISCO VICENTE BURDINO
ALVARO;VICTOR;KALENCHUK;;ALVARO VICTOR KALENCHUK
FERAS;SVALDI;;;FERAS SVALDI 
LITA;ALL;;;LITA ALL 
SIMRANJIT;VENTIMIGLIA;;;SIMRANJIT VENTIMIGLIA 
JOSEFA;BEATRIZ;AZVALINSKY;;JOSEFA BEATRIZ AZVALINSKY
ALICIA;BELEN;BACCHINI;;ALICIA BELEN BACCHINI
HECTOR;CARLOS;BARAJA;;HECTOR CARLOS BARAJA
MIHAELA;MARIANA;GIBILISCO;;MIHAELA MARIANA GIBILISCO
HONGFEN;MATTOS;;;HONGFEN MATTOS 
VOICHITA;COBOS;;;VOICHITA COBOS 
MARIA;SUCESO;SPELLBRINCK;;MARIA SUCESO SPELLBRINCK
EBRAHIM;YEREGUI;;;EBRAHIM YEREGUI 
KEVIN;MORENA;;;KEVIN MORENA 
GUILLERMO;ANDRES;TAUFER;;GUILLERMO ANDRES TAUFER
EMANUEL;ANDREI;VENDEMMIA;;EMANUEL ANDREI VENDEMMIA
HANAE;MAZZOTTI;;;HANAE MAZZOTTI 
HECTOR;ELIAS;RICALDE;;HECTOR ELIAS RICALDE
JULIAN;VALENTIN;LLOPIS;;JULIAN VALENTIN LLOPIS
ANA;SALUD;LOVISOLO;;ANA SALUD LOVISOLO
MARIA;PROVIDENCIA;BARRIONUEVO;;MARIA PROVIDENCIA BARRIONUEVO
VALME;MARIA;KOHNER;;VALME MARIA KOHNER
RITA;ISABEL;BROCHERO;;RITA ISABEL BROCHERO
IÑIGO;LUIS;CAROPRESI;;IÑIGO LUIS CAROPRESI
MARIA;ANN;COSTILLA;;MARIA ANN COSTILLA
BRYAN;XAVIER;BERTONE;;BRYAN XAVIER BERTONE
GUADALUPE;BORCHEIDT;;;GUADALUPE BORCHEIDT 
RAMIA;COMETTO;;;RAMIA COMETTO 
IOAN;EMIL;GOROZ;;IOAN EMIL GOROZ
GENTZANE;MORRON;;;GENTZANE MORRON 
ABDENABI;SOTO;;;ABDENABI SOTO 
DOLORES;ESPERANZA;AGROFOLIO;;DOLORES ESPERANZA AGROFOLIO
MARGARITA;BLANCA;BARRETO;;MARGARITA BLANCA BARRETO
GAUDENCIO;RECLOUX;;;GAUDENCIO RECLOUX 
ARTASHES;MILITERNO;;;ARTASHES MILITERNO 
SARA;RUTH;TOCHI;;SARA RUTH TOCHI
VAIVA;ELORZA;;;VAIVA ELORZA 
ORFELINA;BALDERA;;;ORFELINA BALDERA 
ERICK;JOSE;LEFCOVICH;;ERICK JOSE LEFCOVICH
PETYA;TORTOZA;;;PETYA TORTOZA 
YERAY;CRISTO;VELASCO;;YERAY CRISTO VELASCO
MOHAMED;ANUAR;RUGGERONI;;MOHAMED ANUAR RUGGERONI
RAWDA;MICOL;;;RAWDA MICOL 
ANDREA;CELESTE;LAVIRGEN;;ANDREA CELESTE LAVIRGEN
SARA;SOFIA;MIADOSQUI;;SARA SOFIA MIADOSQUI
UXUE;SALGUEIRO;;;UXUE SALGUEIRO 
GERMAN;JUAN;GIAQUINDA;;GERMAN JUAN GIAQUINDA
MIREN;ITZIAR;LAMELA;;MIREN ITZIAR LAMELA
PAULINO;ANGEL;CONCHILLO;;PAULINO ANGEL CONCHILLO
DUARTE;BEOLA;;;DUARTE BEOLA 
PAWEL;PIOTR;CHARLES;;PAWEL PIOTR CHARLES
TOUMANY;RAYMAN;;;TOUMANY RAYMAN 
JOSE;CRUZ;ARTESE;;JOSE CRUZ ARTESE
UXUNE;RIBLES;;;UXUNE RIBLES 
BLANCA;CARMEN;FLOOD;;BLANCA CARMEN FLOOD
IAN;GEORGE;HEDIGER;;IAN GEORGE HEDIGER
MARIA;PALOMA;TORLETTO;;MARIA PALOMA TORLETTO
OSCAR;GUSTAVO;COLINAS;;OSCAR GUSTAVO COLINAS
MIDIALA;GABOARDI;;;MIDIALA GABOARDI 
HORACIO;LUIS;PETITOT;;HORACIO LUIS PETITOT
ANGELICO;LAVERNE;;;ANGELICO LAVERNE 
VICENTE;PAUL;RUDERMAN;;VICENTE PAUL RUDERMAN
ENRIQUE;DAMIAN;EKERDT;;ENRIQUE DAMIAN EKERDT
DAIARA;DI;MARINO;;DAIARA DI MARINO
VAHID;GRIEVE;;;VAHID GRIEVE 
MOHAMADOU;LAMINE;CASTELLANELLI;;MOHAMADOU LAMINE CASTELLANELLI
ELSA;CARMEN;ELSTEIN;;ELSA CARMEN ELSTEIN
GUILLERMO;SEBASTIAN;JULIAN;;GUILLERMO SEBASTIAN JULIAN
GLADYS;ESPERANZA;GIAMBRONE;;GLADYS ESPERANZA GIAMBRONE
ELLIOT;ESTECHE;;;ELLIOT ESTECHE 
NADIR;CACCIAPUOTI;;;NADIR CACCIAPUOTI 
MARIELA;CARMEN;BOLIA;;MARIELA CARMEN BOLIA
HENG;CEVEY;;;HENG CEVEY 
ADAN;TARASCIO;;;ADAN TARASCIO 
SARA;RAQUEL;MILONI;;SARA RAQUEL MILONI
BASILI;MARTELO;;;BASILI MARTELO 
DANNY;JAVIER;LINO;;DANNY JAVIER LINO
NICOLAS;FABIAN;YABARE;;NICOLAS FABIAN YABARE
ISOLINA;MARIA;GUILLAZA;;ISOLINA MARIA GUILLAZA
ADRIAN;MARCELO;RESCALA;;ADRIAN MARCELO RESCALA
JOSE;BENITO;MARCHESI;;JOSE BENITO MARCHESI
MARTA;NOELIA;ECHAIDE;;MARTA NOELIA ECHAIDE
SANDRA;BELEN;VITOLO;;SANDRA BELEN VITOLO
MARIA;BLANCA;LEFIMAN;;MARIA BLANCA LEFIMAN
FLORIN;AUREL;ACCATTOLI;;FLORIN AUREL ACCATTOLI
ANDREA;NATALIA;CALAS;;ANDREA NATALIA CALAS
THOR;DE;ANGELI;;THOR DE ANGELI
MANDING;GALVAN;;;MANDING GALVAN 
ALEJANDRO;CRISTIAN;TUMINO;;ALEJANDRO CRISTIAN TUMINO
AWATIF;JAWORSKY;;;AWATIF JAWORSKY 
CHOUKRI;PRIMAVERA;;;CHOUKRI PRIMAVERA 
JOSE;AGUSTIN;KARAN;;JOSE AGUSTIN KARAN
GEORGE;DANIEL;BATALLAN;;GEORGE DANIEL BATALLAN
OSCAR;GUSTAVO;COUSSO;;OSCAR GUSTAVO COUSSO
GUSTAVO;RICARDO;NOVA;;GUSTAVO RICARDO NOVA
YAJIE;SZEWCZUK;;;YAJIE SZEWCZUK 
MIRIAM;CONCEPCION;QUINTO;;MIRIAM CONCEPCION QUINTO
MARIUS;TRAIAN;RUBIO;;MARIUS TRAIAN RUBIO
ISAAC;RAFAEL;MAGGIOLO;;ISAAC RAFAEL MAGGIOLO
CILINIA;MARAVIGLIA;;;CILINIA MARAVIGLIA 
CARMEN;GUILLERMINA;LAURA;;CARMEN GUILLERMINA LAURA
AINOA;MARIA;HILDT;;AINOA MARIA HILDT
ERICA;PATRICIA;ESTRADE;;ERICA PATRICIA ESTRADE
AARON;ZIARZOLO;;;AARON ZIARZOLO 
OSCAR;OSVALDO;PITT;;OSCAR OSVALDO PITT
ERICK;ANTONIO;CASCALLARES;;ERICK ANTONIO CASCALLARES
IVONNE;MARIA;REYNAGA;;IVONNE MARIA REYNAGA
PAULA;ANDREA;POVEDA;;PAULA ANDREA POVEDA
PATRICIA;ANGELICA;BERINGUER;;PATRICIA ANGELICA BERINGUER
EIMI;KLENZI;;;EIMI KLENZI 
SILVIA;ALEXANDRA;LAGUIAN;;SILVIA ALEXANDRA LAGUIAN
LIBE;DE;LA;CHIESA;LIBE DE LA
CONSTANTIN;OVIDIU;GUILLERMO;;CONSTANTIN OVIDIU GUILLERMO
MILAN;CANIUQUEO;;;MILAN CANIUQUEO 
GABRIELA;MERCEDES;VAAMONDE;;GABRIELA MERCEDES VAAMONDE
ESTEBAN;DAVID;LUQUI;;ESTEBAN DAVID LUQUI
QINGXIA;MANZANETE;;;QINGXIA MANZANETE 
LAURA;MATILDE;VILLARROEL;;LAURA MATILDE VILLARROEL
IDAN;RUBONI;;;IDAN RUBONI 
MARIA;TURRUCHEL;BANFI;;MARIA TURRUCHEL BANFI
BERTA;MARIA;SALADINO;;BERTA MARIA SALADINO
ROBERT;FRANCIS;KASS;;ROBERT FRANCIS KASS
DIANA;LETICIA;MALARCHIA;;DIANA LETICIA MALARCHIA
NICOLETA;FLORINA;COSSIO;;NICOLETA FLORINA COSSIO
CANDELARIA;ROSARIO;PRADA;;CANDELARIA ROSARIO PRADA
YUN;LILLO;;;YUN LILLO 
ALEKSANDRS;BOYADJIAN;;;ALEKSANDRS BOYADJIAN 
TITEL;MUSMANNO;;;TITEL MUSMANNO 
SHEN;CASTIBLANCO;;;SHEN CASTIBLANCO 
REBECA;ELIZABETH;MILER;;REBECA ELIZABETH MILER
LAURA;RAMONA;AVINCETTA;;LAURA RAMONA AVINCETTA
HANS;RUDOLF;BIDERA;;HANS RUDOLF BIDERA
ALEXANDRU;DARIUS;BURES;;ALEXANDRU DARIUS BURES
PEDRO;ALVARO;ODSTRCILIK;;PEDRO ALVARO ODSTRCILIK
ISABEL;ADELA;MARCOVICH;;ISABEL ADELA MARCOVICH
VIOLETA;PILAR;DE;CAMPOS;VIOLETA PILAR DE
CRISTINA;DANIELA;PANNO;;CRISTINA DANIELA PANNO
JASMEEN;CARTURAN;;;JASMEEN CARTURAN 
ANGELA;MARIA;BUJMAN;;ANGELA MARIA BUJMAN
JORGE;GUSTAVO;BAZAR;;JORGE GUSTAVO BAZAR
GABRIEL;FERNANDO;RIBOLDI;;GABRIEL FERNANDO RIBOLDI
LILIAN;ROSA;LUBIAN;;LILIAN ROSA LUBIAN
LEONIDES;LOIACONE;;;LEONIDES LOIACONE 
CHRISTIAN;MANUEL;GOBIA;;CHRISTIAN MANUEL GOBIA
JOHANNA;ROCIO;BEGUE;;JOHANNA ROCIO BEGUE
IULIA;CRISTINA;BIALOLENKIER;;IULIA CRISTINA BIALOLENKIER
SIENA;JIMENEZ;;;SIENA JIMENEZ 
CHEIMA;PAYSSE;;;CHEIMA PAYSSE 
FERNANDO;AGUSTIN;DEALESSANDRIS;;FERNANDO AGUSTIN DEALESSANDRIS
IVAN;ROBERTO;MANZILLA;;IVAN ROBERTO MANZILLA
NURIA;MARGARITA;SEVERICH;;NURIA MARGARITA SEVERICH
CARLOS;FELIX;PLAJUTIN;;CARLOS FELIX PLAJUTIN
JUAN;PABLO;BUSATTO;;JUAN PABLO BUSATTO
NARCISO;ANTONIO;DEL;SIGNO;NARCISO ANTONIO DEL
ALANO;SABBIONE;;;ALANO SABBIONE 
LEONARD;IONUT;BULACIO;;LEONARD IONUT BULACIO
DEMOFILO;GIORGETTI;;;DEMOFILO GIORGETTI 
DAN;ALEXANDRU;DI;LENA;DAN ALEXANDRU DI
PAULA;MAR;CARCERERI;;PAULA MAR CARCERERI
SIBYLLE;MIKOLAJEWSKI;;;SIBYLLE MIKOLAJEWSKI 
BOGUMILA;RAGNI;;;BOGUMILA RAGNI 
ANDREEA;RAMONA;RICCIERI;;ANDREEA RAMONA RICCIERI
SERGIO;MAURICIO;BERTERO;;SERGIO MAURICIO BERTERO
TOMAS;EMILIO;ABERASTO;;TOMAS EMILIO ABERASTO
DIANA;VIRGINIA;HUECHAN;;DIANA VIRGINIA HUECHAN
SERGIO;ELIAS;GALARZA;;SERGIO ELIAS GALARZA
ERIC;JOHN;HUENUL;;ERIC JOHN HUENUL
SHANTI;CHIARDOLA;;;SHANTI CHIARDOLA 
KAREN;SUSAN;CIL;;KAREN SUSAN CIL
ANDRES;LUIS;BUDIA;;ANDRES LUIS BUDIA
SERGIO;JOSE;SOLANO;;SERGIO JOSE SOLANO
VICENTA;JOSEFA;MALLMA;;VICENTA JOSEFA MALLMA
ROBERTO;ANGEL;EICHELBERGER;;ROBERTO ANGEL EICHELBERGER
MARIO;CRISTIAN;ZAZZERINI;;MARIO CRISTIAN ZAZZERINI
PACO;CHAIA;;;PACO CHAIA 
MONTSERRAT;PILAR;DUTHIL;;MONTSERRAT PILAR DUTHIL
ADRIANA;CECILIA;ZUBILLAGA;;ADRIANA CECILIA ZUBILLAGA
CARLA;MARISA;BONNARDEL;;CARLA MARISA BONNARDEL
MAURICI;NOZETTO;;;MAURICI NOZETTO 
CAROLINE;LOUISE;INAFUKU;;CAROLINE LOUISE INAFUKU
LAURA;LORENA;MAYORAZ;;LAURA LORENA MAYORAZ
MARLEY;BRANDAN;;;MARLEY BRANDAN 
EDISON;RENE;CUNI;;EDISON RENE CUNI
FRANCO;EMANUEL;SIBBALD;;FRANCO EMANUEL SIBBALD
CLAUDIA;ESPERANZA;PAPPALARDO;;CLAUDIA ESPERANZA PAPPALARDO
NIKHIL;RODARO;;;NIKHIL RODARO 
USUA;TEJADA;;;USUA TEJADA 
VITALY;CRISTAUDO;;;VITALY CRISTAUDO 
JOANE;ABUD;;;JOANE ABUD 
LUISA;ALEJANDRA;CUBIDO;;LUISA ALEJANDRA CUBIDO
OSMEL;ARECO;;;OSMEL ARECO 
BELKIS;MARIA;CHAN;;BELKIS MARIA CHAN
NAYDA;VASQUENZ;;;NAYDA VASQUENZ 
BLANCA;ESTELA;JANSE;;BLANCA ESTELA JANSE
BARBARA;INES;BELTRAMINI;;BARBARA INES BELTRAMINI
MONER;LOSASSO;;;MONER LOSASSO 
SILVIA;JANETH;KACHANI;;SILVIA JANETH KACHANI
ARANZAZU;ISABEL;PETCHO;;ARANZAZU ISABEL PETCHO
RQIA;PECOLLO;;;RQIA PECOLLO 
MOISES;ELIAS;DABUSTO;;MOISES ELIAS DABUSTO
ANDREEA;IULIANA;VALIENTE;;ANDREEA IULIANA VALIENTE
JORGE;BOLIVAR;ARANGUI;;JORGE BOLIVAR ARANGUI
HERIBERTO;TRIPALDI;;;HERIBERTO TRIPALDI 
MEIRONG;ARISPE;;;MEIRONG ARISPE 
BAYANE;DITURBIDE;;;BAYANE DITURBIDE 
SIMONA;CLAUDIA;BRACAMONTE;;SIMONA CLAUDIA BRACAMONTE
JESUS;RAMON;CAINO;;JESUS RAMON CAINO
MARAH;UJHELYI;;;MARAH UJHELYI 
ANDRES;FEDERICO;BUDIP;;ANDRES FEDERICO BUDIP
TRACEY;ANNE;BIASOTTI;;TRACEY ANNE BIASOTTI
NAYELI;CARMEN;COUSSILLAN;;NAYELI CARMEN COUSSILLAN
CARLOS;MOISES;CIARES;;CARLOS MOISES CIARES
MARIA;NEIVA;SASSANO;;MARIA NEIVA SASSANO
ALEX;ROBERTO;ISOLA;;ALEX ROBERTO ISOLA
ADARAY;MERELLES;;;ADARAY MERELLES 
JOSUE;FRANCISCO;GRACIARENA;;JOSUE FRANCISCO GRACIARENA
LEDA;MARIA;MARIÃ±ANCO;;LEDA MARIA MARIÃ±ANCO
MARIA;DINA;AGUILLON;;MARIA DINA AGUILLON
NORKA;ZADOROZNY;;;NORKA ZADOROZNY 
NICOLAS;FRANCISCO;TOSI;;NICOLAS FRANCISCO TOSI
ANNA;SOFIA;MORINICO;;ANNA SOFIA MORINICO
KYOKO;EWERLING;;;KYOKO EWERLING 
JESUS;CRISTO;BARBIZAN;;JESUS CRISTO BARBIZAN
MERLY;CARPINTERI;;;MERLY CARPINTERI 
LAURA;PINO;PELAGAGGI;;LAURA PINO PELAGAGGI
KOLDOBIKA;MIKEL;CODEVILLA;;KOLDOBIKA MIKEL CODEVILLA
ISABEL;AGUSTINA;D';AGUSTINI;ISABEL AGUSTINA D'
ANTONIA;CANDELARIA;NAVAS;;ANTONIA CANDELARIA NAVAS
JON;PATXI;CUTRIN;;JON PATXI CUTRIN
MELECIA;MENDIVERRY;;;MELECIA MENDIVERRY 
JESICA;ALEJANDRA;DELORENZO;;JESICA ALEJANDRA DELORENZO
VICENTE;JAIME;MOCINICH;;VICENTE JAIME MOCINICH
SAILY;SEIBERT;;;SAILY SEIBERT 
EDIL;PIGGINI;;;EDIL PIGGINI 
SURY;DELLAGOGNA;;;SURY DELLAGOGNA 
MILLARAY;ESCUBILLA;;;MILLARAY ESCUBILLA 
DIMITAR;ILIEV;METRALLA;;DIMITAR ILIEV METRALLA
JOSE;CLAUDIO;CAMPILLO;;JOSE CLAUDIO CAMPILLO
PABLO;EMILIO;CASTRATARO;;PABLO EMILIO CASTRATARO
SERGIO;HECTOR;CACEDA;;SERGIO HECTOR CACEDA
LIJUN;SCHONING;;;LIJUN SCHONING 
JASIM;PISETTA;;;JASIM PISETTA 
RODRIGO;MARTIN;CAMPAGNOLO;;RODRIGO MARTIN CAMPAGNOLO
MANISHA;SGARLATTA;;;MANISHA SGARLATTA 
ESMERALDA;PILAR;OCAMPOS;;ESMERALDA PILAR OCAMPOS
ALVARO;EMILIO;AGAMENONE;;ALVARO EMILIO AGAMENONE
FRANCO;NAHUEL;YABLONSKI;;FRANCO NAHUEL YABLONSKI
OVIDIU;CONSTANTIN;SALA;;OVIDIU CONSTANTIN SALA
MARIA;NEREA;MASCIALINO;;MARIA NEREA MASCIALINO
OUMAYMA;ASIN;;;OUMAYMA ASIN 
NORMA;MARGARITA;IRAOLA;;NORMA MARGARITA IRAOLA
SILVINA;ALEJANDRA;SOFRE;;SILVINA ALEJANDRA SOFRE
EDUARDO;HENRIQUE;YAGUA;;EDUARDO HENRIQUE YAGUA
VICTOR;ABEL;DESPOUY;;VICTOR ABEL DESPOUY
AIMIN;ALASSIA;;;AIMIN ALASSIA 
MARIVEL;CUPERTINO;;;MARIVEL CUPERTINO 
EÑAUT;GARRONE;;;EÑAUT GARRONE 
TIFFANY;GAIL;;;TIFFANY GAIL 
RICARDO;GERMAN;MUSSIN;;RICARDO GERMAN MUSSIN
ELZBIETA;ANNA;FARRIOL;;ELZBIETA ANNA FARRIOL
AICHATOU;ASEVEDO;;;AICHATOU ASEVEDO 
MARIA;PERPETUA;PINELLA;;MARIA PERPETUA PINELLA
KAZI;D';ARRIGO;;KAZI D' ARRIGO
MONICA;PAULA;PONTURO;;MONICA PAULA PONTURO
PEDRO;ALFONSO;LEVI;;PEDRO ALFONSO LEVI
ANITZ;BADRIOTTI;;;ANITZ BADRIOTTI 
LUIS;FAUSTINO;MARCHISSIO;;LUIS FAUSTINO MARCHISSIO
GREGORIO;ALFONSO;FONTANETO;;GREGORIO ALFONSO FONTANETO
ANNA;KAROLINA;LOSCHI;;ANNA KAROLINA LOSCHI
FERNANDO;ELIAS;TRAFIAN;;FERNANDO ELIAS TRAFIAN
FRANCISCO;RAIMUNDO;BONDESANI;;FRANCISCO RAIMUNDO BONDESANI
MIHAIL;HORDH;;;MIHAIL HORDH 
ESTHER;LUCIA;CASAMASSIMA;;ESTHER LUCIA CASAMASSIMA
GEORGIA;MATURANO;;;GEORGIA MATURANO 
REBECA;ANDREA;FONSECA;;REBECA ANDREA FONSECA
MARLON;GUEGLIO;;;MARLON GUEGLIO 
ALBORADA;CRESPO;;;ALBORADA CRESPO 
RICARDO;PEDRO;OLIVAR;;RICARDO PEDRO OLIVAR
CE;OYARBURU;;;CE OYARBURU 
SOFIA;AURORA;BENELLI;;SOFIA AURORA BENELLI
ANA;MARIA;TERESA;TUMMINELLI;ANA MARIA TERESA
EMILIANO;VAQUIE;;;EMILIANO VAQUIE 
ANDREA;VICTORIA;ARUZ;;ANDREA VICTORIA ARUZ
GERARDO;ALFONSO;PRONCZUK;;GERARDO ALFONSO PRONCZUK
MATIAS;ANGEL;CARRANZA;;MATIAS ANGEL CARRANZA
SUPING;SACCONI;;;SUPING SACCONI 
RAMONA;DANIELA;MAISONNAVE;;RAMONA DANIELA MAISONNAVE
GOTTFRIED;OÃ±ATE;;;GOTTFRIED OÃ±ATE 
ALEJANDRA;MERCEDES;GARELLA;;ALEJANDRA MERCEDES GARELLA
GLAUCIA;TAMBAL;;;GLAUCIA TAMBAL 
NICOLAS;HERNAN;HORNYAK;;NICOLAS HERNAN HORNYAK
MARGUERITE;DE;SILVESTRI;;MARGUERITE DE SILVESTRI
ROBERTO;TOMAS;PUZIO;;ROBERTO TOMAS PUZIO
ESTEBAN;IGNACIO;TORREJON;;ESTEBAN IGNACIO TORREJON
ARRATE;LEVINTON;;;ARRATE LEVINTON 
EL;HASSAN;MORAHAN;;EL HASSAN MORAHAN
JUAN;JULIAN;LENART;;JUAN JULIAN LENART
LICET;SURIN;;;LICET SURIN 
RUIXI;SAN;FRANCISCO;;RUIXI SAN FRANCISCO
EL;KHAMSA;DESETA;;EL KHAMSA DESETA
IVANO;LOHIDOY;;;IVANO LOHIDOY 
MAURICIO;ROBERTO;TAPIA;;MAURICIO ROBERTO TAPIA
NAIDA;DANIELUK;;;NAIDA DANIELUK 
JOSE;GALO;CHANG;;JOSE GALO CHANG
LAIE;ZUZUNEGUI;;;LAIE ZUZUNEGUI 
SAIRA;GMELNIZKY;;;SAIRA GMELNIZKY 
BALBINA;MARIA;WEIGANDT;;BALBINA MARIA WEIGANDT
HERMENCINA;RETAMERO;;;HERMENCINA RETAMERO 
TOMAS;ALEXANDER;ARNAU;;TOMAS ALEXANDER ARNAU
SERGIO;JULIO;PUHL;;SERGIO JULIO PUHL
NOELIA;LUCIA;COLTRINARI;;NOELIA LUCIA COLTRINARI
ANA;JOSE;FRANCESCANGELI;;ANA JOSE FRANCESCANGELI
EMILIO;MARTIN;RIANI;;EMILIO MARTIN RIANI
CHRISTINE;MARGARET;YACANTO;;CHRISTINE MARGARET YACANTO
ELSA;YOLANDA;GUISAMBURU;;ELSA YOLANDA GUISAMBURU
YUEHUA;JMULLEK;;;YUEHUA JMULLEK 
FRANCISCA;BEGOÑA;SCOLARICI;;FRANCISCA BEGOÑA SCOLARICI
SUSANA;GABRIELA;HASAM;;SUSANA GABRIELA HASAM
FRANKLIN;CHINI;;;FRANKLIN CHINI 
LILIA;ISABEL;ZADICOF;;LILIA ISABEL ZADICOF
MARIA;RUBIELA;LAURETTA;;MARIA RUBIELA LAURETTA
ONOFRA;COLIHUEQUE;;;ONOFRA COLIHUEQUE 
CELERINA;FERRARO;;;CELERINA FERRARO 
HECTOR;PEDRO;OVELAR;;HECTOR PEDRO OVELAR
RENETA;ANGANUZZI;;;RENETA ANGANUZZI 
JUAN;CEFERINO;CAPUA;;JUAN CEFERINO CAPUA
WILLIAM;STEVEN;VIVA;;WILLIAM STEVEN VIVA
GUADALUPE;LUCIA;TERAN;;GUADALUPE LUCIA TERAN
RODRIGO;CARLOS;BALANOWSKY;;RODRIGO CARLOS BALANOWSKY
MARIA;OMAIRA;FABBRINI;;MARIA OMAIRA FABBRINI
GREGORIO;PABLO;RICCHEZZE;;GREGORIO PABLO RICCHEZZE
TINKA;UMIRI;;;TINKA UMIRI 
CLARA;JULIA;MORIGGIA;;CLARA JULIA MORIGGIA
MELISSA;MARIA;PUZIN;;MELISSA MARIA PUZIN
BLANCA;ESTELA;INSAURRALDE;;BLANCA ESTELA INSAURRALDE
MOULAY;DOMINI;;;MOULAY DOMINI 
MIKLOS;CHINETTI;;;MIKLOS CHINETTI 
RAFAEL;PABLO;CARNICERO;;RAFAEL PABLO CARNICERO
LAZARO;JAVIER;STOFFEL;;LAZARO JAVIER STOFFEL
MOUAAD;CARDONA;;;MOUAAD CARDONA 
ANGELES;ESPERANZA;BARRESE;;ANGELES ESPERANZA BARRESE
SIRA;LANIADO;;;SIRA LANIADO 
VICTORINO;GARABITO;;;VICTORINO GARABITO 
PAULA;NIEVES;PAVIN;;PAULA NIEVES PAVIN
SAAID;GREGURAK;;;SAAID GREGURAK 
BARBARA;MARIA;CHOQUEVILLCA;;BARBARA MARIA CHOQUEVILLCA
MIMUN;JERMAN;;;MIMUN JERMAN 
BRIAN;LESLIE;FRANCES;;BRIAN LESLIE FRANCES
ANDREA;JUDITH;DILJE;;ANDREA JUDITH DILJE
MARIA;CRISPINA;BITTOLO;;MARIA CRISPINA BITTOLO
TAYSIR;SEJA;;;TAYSIR SEJA 
ERICK;PATRICIO;GUL;;ERICK PATRICIO GUL
AURORA;RIGESTI;;;AURORA RIGESTI 
MARICARMEN;DI;GIUSEPPE;;MARICARMEN DI GIUSEPPE
ANIRIA;POUTON;;;ANIRIA POUTON 
MARIA;PERPETUO;REKOVSKI;;MARIA PERPETUO REKOVSKI
ANDREEA;LAVINIA;TABANERA;;ANDREEA LAVINIA TABANERA
LOUISE;JANE;DISTANZA;;LOUISE JANE DISTANZA
ULRIKE;CANESINI;;;ULRIKE CANESINI 
MANUEL;CANDIDO;RIMAC;;MANUEL CANDIDO RIMAC
SOFYA;RAVEL;;;SOFYA RAVEL 
ANTENOR;MUÃ±OS;;;ANTENOR MUÃ±OS 
CARMEN;LUCIA;RUEDI;;CARMEN LUCIA RUEDI
MARIA;ELIANA;BALIARI;;MARIA ELIANA BALIARI
MANDEEP;SERVIN;;;MANDEEP SERVIN 
FRANCISCA;JULIANA;GAMBA;;FRANCISCA JULIANA GAMBA
MANUEL;ELISEO;URUEÃ±A;;MANUEL ELISEO URUEÃ±A
ROI;IDALGO;;;ROI IDALGO 
JANETA;BOTT;;;JANETA BOTT 
MARIA;IGNACIA;CORONEL;;MARIA IGNACIA CORONEL
LEANDRO;RAFAEL;ECHEVERRIA;;LEANDRO RAFAEL ECHEVERRIA
ALEXANDRU;SORIN;GIORDANINO;;ALEXANDRU SORIN GIORDANINO
LUCIA;ANA;MESTRE;;LUCIA ANA MESTRE
SERGII;AUDINO;;;SERGII AUDINO 
EMANUEL;ALEJANDRO;ALBURQUENQUE;;EMANUEL ALEJANDRO ALBURQUENQUE
EL;GHAZI;MANZONE;;EL GHAZI MANZONE
JUAN;GINES;FRANCHOSSI;;JUAN GINES FRANCHOSSI
MITRA;HEGUY;;;MITRA HEGUY 
JORGE;ENRIQUE;AVILES;;JORGE ENRIQUE AVILES
ASUNCION;ROSA;DE;PRAT;ASUNCION ROSA DE
JAIME;JAVIER;BUJAR;;JAIME JAVIER BUJAR
ZAIRA;KURYLO;;;ZAIRA KURYLO 
OSCAR;MANUEL;BELMONTE;;OSCAR MANUEL BELMONTE
ELENA;ROCIO;COPPETTI;;ELENA ROCIO COPPETTI
RAQUEL;JESUS;PEDRAGLIO;;RAQUEL JESUS PEDRAGLIO
SUSANA;ALICIA;CONTESSI;;SUSANA ALICIA CONTESSI
HAMOU;LILLO;;;HAMOU LILLO 
ELVIRA;JOSEFA;NONINO;;ELVIRA JOSEFA NONINO
SEAN;MICHAEL;TESTORELLI;;SEAN MICHAEL TESTORELLI
JADE;MARIA;DE;DOMINGO;JADE MARIA DE
RENATE;MARIA;MORATELLI;;RENATE MARIA MORATELLI
BLANCA;LUCIA;GLOVER;;BLANCA LUCIA GLOVER
JAVIER;SEBASTIAN;DI;CICCA;JAVIER SEBASTIAN DI
DAREJAN;FORNARINO;;;DAREJAN FORNARINO 
VALENTIN;ADRIAN;ORIAS;;VALENTIN ADRIAN ORIAS
KARIN;ELISABETH;BELASQUEZ;;KARIN ELISABETH BELASQUEZ
MARCELA;ADRIANA;ALACA;;MARCELA ADRIANA ALACA
MARIA;AINHOA;GUSANTE;;MARIA AINHOA GUSANTE
ISAAC;ANTONIO;BUSTILLO;;ISAAC ANTONIO BUSTILLO
AURORA;SOLEDAD;DE;MIRANDA;AURORA SOLEDAD DE
CONNOR;RIVERA;;;CONNOR RIVERA 
BING;HARAMBILLET;;;BING HARAMBILLET 
NICHITA;PIERCE;;;NICHITA PIERCE 
ALFREDO;ALFONSO;ARRIZAGA;;ALFREDO ALFONSO ARRIZAGA
EDITA;MARIA;ANDARI;;EDITA MARIA ANDARI
LIZ;KARINA;MAURIN;;LIZ KARINA MAURIN
AISHA;MARIA;BIANCIOTTO;;AISHA MARIA BIANCIOTTO
SABIRA;CANDAS;;;SABIRA CANDAS 
SEGUNDO;CARLOS;SIRUR;;SEGUNDO CARLOS SIRUR
HAMED;ARESTIQUI;;;HAMED ARESTIQUI 
GHEORGHE;CLAUDIU;BARRERO;;GHEORGHE CLAUDIU BARRERO
BLAS;DANIEL;DERMAN;;BLAS DANIEL DERMAN
PEDRO;ARTURO;VILLAMIL;;PEDRO ARTURO VILLAMIL
DAVID;EZEQUIEL;PASINI;;DAVID EZEQUIEL PASINI
SILVIA;LUZ;RASELLI;;SILVIA LUZ RASELLI
JINYI;ALCALDE;;;JINYI ALCALDE 
JAVIER;GERARDO;FIEZZONI;;JAVIER GERARDO FIEZZONI
JONES;GIUGGIOLINI;;;JONES GIUGGIOLINI 
KAZIMIERZ;PANNIA;;;KAZIMIERZ PANNIA 
ISAK;PASINI;;;ISAK PASINI 
KENJI;VELASQUEZ;;;KENJI VELASQUEZ 
CRISTINA;MARIANA;GALDEANO;;CRISTINA MARIANA GALDEANO
JUAN;RUBEN;ASCARZA;;JUAN RUBEN ASCARZA
SAMUEL;JOHN;PAGLIARA;;SAMUEL JOHN PAGLIARA
WALFRIDO;MINOLDO;;;WALFRIDO MINOLDO 
RAFAEL;JOAQUIN;CORIMAYO;;RAFAEL JOAQUIN CORIMAYO
NEVEN;PISSARRO;;;NEVEN PISSARRO 
SILVIA;MABEL;BOHNHOFF;;SILVIA MABEL BOHNHOFF
RAUL;PABLO;VILLARINO;;RAUL PABLO VILLARINO
HADIL;VIDAURRAZAGA;;;HADIL VIDAURRAZAGA 
MANUEL;JACINTO;WEIMBERG;;MANUEL JACINTO WEIMBERG
CELSO;POLZICOFF;;;CELSO POLZICOFF 
ANA;TAMARA;GRAU;;ANA TAMARA GRAU
EWA;ELZBIETA;GÃ¼NTER;;EWA ELZBIETA GÃ¼NTER
ALVARO;FABIAN;BRUSAFERRI;;ALVARO FABIAN BRUSAFERRI
FATIMA;ZAHRA;MASIN;;FATIMA ZAHRA MASIN
HONGYI;STANIZZO;;;HONGYI STANIZZO 
XIAOQUN;GAGNO;;;XIAOQUN GAGNO 
CARLOS;CESAR;MUCCILLI;;CARLOS CESAR MUCCILLI
MERCEDES;ESPERANZA;DI;SCERNI;MERCEDES ESPERANZA DI
JESUS;SANTIAGO;NANIA;;JESUS SANTIAGO NANIA
KATERINE;FENDYK;;;KATERINE FENDYK 
ABDALAH;AREVILLCA;;;ABDALAH AREVILLCA 
OANA;ALEXANDRA;AHANDUNI;;OANA ALEXANDRA AHANDUNI
BEATRIZ;JOSEFINA;CASCALES;;BEATRIZ JOSEFINA CASCALES
ELENA;ESPERANZA;ELIZALDE;;ELENA ESPERANZA ELIZALDE
XIAN;ENEMARK;;;XIAN ENEMARK 
INMACULADA;JESUS;ZAMPELUNGHE;;INMACULADA JESUS ZAMPELUNGHE
EDWIN;GEOVANNY;DOSSO;;EDWIN GEOVANNY DOSSO
VICENTE;MOISES;PAULETTI;;VICENTE MOISES PAULETTI
NEMESIO;JOSE;MONDINO;;NEMESIO JOSE MONDINO
JOSE;LIBARDO;RIVASSEAU;;JOSE LIBARDO RIVASSEAU
GIANNA;SMIROLDO;;;GIANNA SMIROLDO 
VESNA;FABRO;;;VESNA FABRO 
