id,nombre,apellido1,apellido2,nombre_completo,codigo_estudiante
1,JENNY,KOROL,REGINA_SALIS,JENNY KOROL REGINA_SALIS,E0001
2,BLANCA,NIEVES_GORAL,IGNACIA_CORONEL,BLANCA NIEVES_GORAL IGNACIA_CORONEL,E0002
3,IRMA,MICHAEL_TESTORELLI,IGNACIA_CORONEL,IRMA MICHAEL_TESTORELLI IGNACIA_CORONEL,E0003
4,JUAN,PATRICK_SIEBEN,ADRIANA_ALACA,JUAN PATRICK_SIEBEN ADRIANA_ALACA,E0004
5,ELISABET,LUIS_CAROPRESI,CARCAMO,ELISABET LUIS_CAROPRESI CARCAMO,E0005
6,JUAN,UJHELYI,ROQUEL,JUAN UJHELYI ROQUEL,E0006
7,MANUEL,MARIANO_CAMPOS,SUCESO_SPELLBRINCK,MANUEL MARIANO_CAMPOS SUCESO_SPELLBRINCK,E0007
8,UMAYMA,AGUSTIN_KARAN,PATRICIO_GUL,UMAYMA AGUSTIN_KARAN PATRICIO_GUL,E0008
9,MIGUEL,FABRO,SURIN,MIGUEL FABRO SURIN,E0009
10,PEDRO,LEON_MOFFO,CHAIA,PEDRO LEON_MOFFO CHAIA,E0010
11,YOLANDA,ANTENORI,ADRIAN_RAFAEL,YOLANDA ANTENORI ADRIAN_RAFAEL,E0011
12,DISNEY,LEVINTON,JULIA_MORIGGIA,DISNEY LEVINTON JULIA_MORIGGIA,E0012
13,LUCIANO,ALVARO_ODSTRCILIK,DI_MARINO,LUCIANO ALVARO_ODSTRCILIK DI_MARINO,E0013
14,IGNACIO,DAVID_LUQUI,LOUISE_INAFUKU,IGNACIO DAVID_LUQUI LOUISE_INAFUKU,E0014
15,ESTEBAN,INES_BELTRAMINI,AURORA_RUZA,ESTEBAN INES_BELTRAMINI AURORA_RUZA,E0015
16,SERGIO,ENEMARK,JAWORSKY,SERGIO ENEMARK JAWORSKY,E0016
17,THOR,DAVID_LUQUI,ABUD,THOR DAVID_LUQUI ABUD,E0017
18,DORA,ELIZABETH_DEL_OTERO,NOZETTO,DORA ELIZABETH_DEL_OTERO NOZETTO,E0018
19,SIENA,ALEXANDRA_POPOVSKY,STORI,SIENA ALEXANDRA_POPOVSKY STORI,E0019
20,ELIECER,AMIN_SALIEGA,ESPERANZA_PAPPALARDO,ELIECER AMIN_SALIEGA ESPERANZA_PAPPALARDO,E0020
21,SORIN,ANGELICA_BERINGUER,ELIZABETH_DEL_OTERO,SORIN ANGELICA_BERINGUER ELIZABETH_DEL_OTERO,E0021
22,EMELYN,KURYLO,ANA_MERETZ,EMELYN KURYLO ANA_MERETZ,E0022
23,ROBERTO,ITZIAR_LAMELA,GABRIELA_HASAM,ROBERTO ITZIAR_LAMELA GABRIELA_HASAM,E0023
24,MIKLOS,BARSELLINI,MARIA_GUILLAZA,MIKLOS BARSELLINI MARIA_GUILLAZA,E0024
25,HECTOR,ALEJANDRA_CUBIDO,AURORA_BENELLI,HECTOR ALEJANDRA_CUBIDO AURORA_BENELLI,E0025
26,VANESSA,KARINA_MAURIN,MARIA_CHAN,VANESSA KARINA_MAURIN MARIA_CHAN,E0026
27,ARTASHES,PASCIELLI,ANDREA_FONSECA,ARTASHES PASCIELLI ANDREA_FONSECA,E0027
28,MILAGROS,GABRIEL_PALACIN,ROCIO_BEGUE,MILAGROS GABRIEL_PALACIN ROCIO_BEGUE,E0028
29,WENJUN,RUFFA,LOGULLO,WENJUN RUFFA LOGULLO,E0029
30,NURIA,MARIA_BUDIÃÂ±O,HECTOR_CACEDA,NURIA MARIA_BUDIÃÂ±O HECTOR_CACEDA,E0030
31,MARIA,ISABEL_PETCHO,GERMAN_MUSSIN,MARIA ISABEL_PETCHO GERMAN_MUSSIN,E0031
32,GUZMAN,JAVIER_STOFFEL,HAFID_HOURS,GUZMAN JAVIER_STOFFEL HAFID_HOURS,E0032
33,ATASARA,INMACULADA_HORISBERGER,INMACULADA_QUISPEALAYA,ATASARA INMACULADA_HORISBERGER INMACULADA_QUISPEALAYA,E0033
34,DOMINGO,ANDREA_GAÃÂ±AN,DARUICH,DOMINGO ANDREA_GAÃÂ±AN DARUICH,E0034
35,ADRIANA,ROSE_RICHARDSON,MARIA_ZARIELLO,ADRIANA ROSE_RICHARDSON MARIA_ZARIELLO,E0035
36,ALEXANDRU,PERPETUO_REKOVSKI,AURORA_BENELLI,ALEXANDRU PERPETUO_REKOVSKI AURORA_BENELLI,E0036
37,JULIO,ISABEL_PETCHO,MANZANETE,JULIO ISABEL_PETCHO MANZANETE,E0037
38,MONICA,MARIA_REYNAGA,EDUARDO_CARABAJAL,MONICA MARIA_REYNAGA EDUARDO_CARABAJAL,E0038
39,FRANCO,LIBARDO_RIVASSEAU,BAREA,FRANCO LIBARDO_RIVASSEAU BAREA,E0039
40,TIANYU,ISABEL_ZADICOF,MASSO,TIANYU ISABEL_ZADICOF MASSO,E0040
41,ELIECER,ELORZA,DELLAGOGNA,ELIECER ELORZA DELLAGOGNA,E0041
42,HIGINIO,ELISABETH_AYDAR,SGARLATTA,HIGINIO ELISABETH_AYDAR SGARLATTA,E0042
43,DOLORES,VACA,PILAR_OCAMPOS,DOLORES VACA PILAR_OCAMPOS,E0043
44,ROBERTO,CASTELLI,ANGEL_MARCOS,ROBERTO CASTELLI ANGEL_MARCOS,E0044
45,ANTONIA,ESPONA,GHEORGHE_SOFIAN,ANTONIA ESPONA GHEORGHE_SOFIAN,E0045
46,RUIXI,JESUS_ZAMPELUNGHE,BEATA_BRECCIA,RUIXI JESUS_ZAMPELUNGHE BEATA_BRECCIA,E0046
47,CAROLINA,VALLE_DISTEL,GLAS,CAROLINA VALLE_DISTEL GLAS,E0047
48,FRANCO,GREGORIO_OJEDA,MIGUEL_OYOMEK,FRANCO GREGORIO_OJEDA MIGUEL_OYOMEK,E0048
49,DOLORES,SACCONI,LOSASSO,DOLORES SACCONI LOSASSO,E0049
50,VITALY,ANTONIO_CHIAVAZZA,ELENA_USHPIK,VITALY ANTONIO_CHIAVAZZA ELENA_USHPIK,E0050
51,CRISTINA,EUGENIA_QUIRE,ALEXANDRA_LAGUIAN,CRISTINA EUGENIA_QUIRE ALEXANDRA_LAGUIAN,E0051
52,LAKHWINDER,XAVIER_BERTONE,FERNANDO_MIRRA,LAKHWINDER XAVIER_BERTONE FERNANDO_MIRRA,E0052
53,MARIA,SALUD_LOVISOLO,HERNAN_HORNYAK,MARIA SALUD_LOVISOLO HERNAN_HORNYAK,E0053
54,EL,NIEVES_PAVIN,JESUS_PICCOLI,EL NIEVES_PAVIN JESUS_PICCOLI,E0054
55,ESMERALDA,TRIPALDI,BAUDILLE,ESMERALDA TRIPALDI BAUDILLE,E0055
56,BANESA,JOHN_PAGLIARA,GLAS,BANESA JOHN_PAGLIARA GLAS,E0056
57,EMANUEL,GALO_CHANG,COPPEDE,EMANUEL GALO_CHANG COPPEDE,E0057
58,MUHAMMAD,LUIS_BURGA,RAQUEL_MILONI,MUHAMMAD LUIS_BURGA RAQUEL_MILONI,E0058
59,SUSANA,IOANA_CHERENCIO,MILAGROS_CABAÃÂ±AS,SUSANA IOANA_CHERENCIO MILAGROS_CABAÃÂ±AS,E0059
60,TINKA,CHAMOULAO,SUSANA_JALY,TINKA CHAMOULAO SUSANA_JALY,E0060
61,GERARDO,ROSE_RICHARDSON,JAVIER_LINO,GERARDO ROSE_RICHARDSON JAVIER_LINO,E0061
62,PAWEL,ROCIO_BEGUE,ESPERANZA_BARRESE,PAWEL ROCIO_BEGUE ESPERANZA_BARRESE,E0062
63,ELCIRA,YÃÂ±IGO,LILLO,ELCIRA YÃÂ±IGO LILLO,E0063
64,BRIAN,TAMARA_GRAU,DE_LA_CHIESA,BRIAN TAMARA_GRAU DE_LA_CHIESA,E0064
65,NORKA,INMACULADA_QUISPEALAYA,SABBIONE,NORKA INMACULADA_QUISPEALAYA SABBIONE,E0065
66,VICENTA,ZILLA,GIORGETTI,VICENTA ZILLA GIORGETTI,E0066
67,MONICA,SUCESO_SPELLBRINCK,TOMASSINI,MONICA SUCESO_SPELLBRINCK TOMASSINI,E0067
68,NICHITA,EDUARDO_CARABAJAL,COSMIN_STUPAK,NICHITA EDUARDO_CARABAJAL COSMIN_STUPAK,E0068
69,FLORIN,ESCUBILLA,LACABANA,FLORIN ESCUBILLA LACABANA,E0069
70,ELENA,EMILIO_ABERASTO,ALCALDE,ELENA EMILIO_ABERASTO ALCALDE,E0070
71,ONOFRA,MORRON,GIORGETTI,ONOFRA MORRON GIORGETTI,E0071
72,MILAN,DOMINI,ARECO,MILAN DOMINI ARECO,E0072
73,ADONAI,MANRIQUE_ESTREMERO,ANTENORI,ADONAI MANRIQUE_ESTREMERO ANTENORI,E0073
74,MARGARITA,CLAUDIA_BRACAMONTE,BASCHERA,MARGARITA CLAUDIA_BRACAMONTE BASCHERA,E0074
75,RUIXI,RAYMAN,BADRIOTTI,RUIXI RAYMAN BADRIOTTI,E0075
76,GREGORIO,ESTHER_ESPEL,DANIEL_SASAL,GREGORIO ESTHER_ESPEL DANIEL_SASAL,E0076
77,YOBANY,FILANGERI,GAIL,YOBANY FILANGERI GAIL,E0077
78,MOHAMED,PRIMAVERA,AGUSTIN_KARAN,MOHAMED PRIMAVERA AGUSTIN_KARAN,E0078
79,HAMED,ALEJANDRA_DEALECIO,ANDREA_BELEJ,HAMED ALEJANDRA_DEALECIO ANDREA_BELEJ,E0079
80,ADRIANO,MARINA_RUBIDARTE,TOMAS_PUZIO,ADRIANO MARINA_RUBIDARTE TOMAS_PUZIO,E0080
81,GUADALUPE,LUIS_BUDIA,LIBARDO_RIVASSEAU,GUADALUPE LUIS_BUDIA LIBARDO_RIVASSEAU,E0081
82,VICENTE,ISABEL_ZADICOF,LUIS_VICENTE_ACCIARRI,VICENTE ISABEL_ZADICOF LUIS_VICENTE_ACCIARRI,E0082
83,SEGUNDO,BOLIVAR_ARANGUI,MARTINGASTE,SEGUNDO BOLIVAR_ARANGUI MARTINGASTE,E0083
84,RAUL,BATTAGLIERO,MELISSA_CITWAR,RAUL BATTAGLIERO MELISSA_CITWAR,E0084
85,KAZI,ANNE_BIASOTTI,ESPERANZA_AGROFOLIO,KAZI ANNE_BIASOTTI ESPERANZA_AGROFOLIO,E0085
86,JOSE,DELLAGOGNA,FICI,JOSE DELLAGOGNA FICI,E0086
87,MERLY,SACCONI,VELASQUEZ,MERLY SACCONI VELASQUEZ,E0087
88,ELCIRA,CATALINA_ZORZON,RACH,ELCIRA CATALINA_ZORZON RACH,E0088
89,CARMEN,SANTIAGO_DIONISIO,ROCIO_BEGUE,CARMEN SANTIAGO_DIONISIO ROCIO_BEGUE,E0089
90,TATIANA,RIVERA,ION_ORQUERA,TATIANA RIVERA ION_ORQUERA,E0090
91,FELIX,MOISES_PAULETTI,ROSARIO_PRADA,FELIX MOISES_PAULETTI ROSARIO_PRADA,E0091
92,MARIA,ANNE_POWER,ANTONIO_JORDAN,MARIA ANNE_POWER ANTONIO_JORDAN,E0092
93,LILIA,VICTOR_VEIRA,MARGARITA_ARBOLEDA,LILIA VICTOR_VEIRA MARGARITA_ARBOLEDA,E0093
94,MARIA,EMILIO_REMEZZANO,ISRAEL_AVOGADRO,MARIA EMILIO_REMEZZANO ISRAEL_AVOGADRO,E0094
95,SANDRA,MARIA_REYNAGA,GIUGGIOLINI,SANDRA MARIA_REYNAGA GIUGGIOLINI,E0095
96,VICTOR,JOAQUIN_CORIMAYO,ALEJANDRO_FORNER,VICTOR JOAQUIN_CORIMAYO ALEJANDRO_FORNER,E0096
97,ANGELICO,CARNA,BARDAL,ANGELICO CARNA BARDAL,E0097
98,SAMBOU,SCRIFFIGNANI,FLORENTINA_SCUTERI,SAMBOU SCRIFFIGNANI FLORENTINA_SCUTERI,E0098
99,GEORGIANA,PATXI_CUTRIN,RIBLES,GEORGIANA PATXI_CUTRIN RIBLES,E0099
100,MIREN,RUBEN_ASCARZA,BECCARIA,MIREN RUBEN_ASCARZA BECCARIA,E0100
101,ALEXANDRU,PASINI,IONUT_BULACIO,ALEXANDRU PASINI IONUT_BULACIO,E0101
102,LOURDES,SALGUEIRO,ILIEV_METRALLA,LOURDES SALGUEIRO ILIEV_METRALLA,E0102
103,NAYUA,ROSA_DE_PRAT,DE_OROMI,NAYUA ROSA_DE_PRAT DE_OROMI,E0103
104,RAIMUNDO,FRANCISCO_TOSI,GRIGERA,RAIMUNDO FRANCISCO_TOSI GRIGERA,E0104
105,AARON,HENRIQUE_YAGUA,CRISTINA_BIALOLENKIER,AARON HENRIQUE_YAGUA CRISTINA_BIALOLENKIER,E0105
106,ROXANA,SMIROLDO,ELENA_DE_LUCCA,ROXANA SMIROLDO ELENA_DE_LUCCA,E0106
107,HADIL,CARLOS_TONCONI,LANARI,HADIL CARLOS_TONCONI LANARI,E0107
108,INES,EMIL_GOROZ,NOTARIO,INES EMIL_GOROZ NOTARIO,E0108
109,CLARISA,CARMEN_ELSTEIN,BARDAL,CLARISA CARMEN_ELSTEIN BARDAL,E0109
110,OUMAYMA,ARESTIQUI,LUCIA_GLOVER,OUMAYMA ARESTIQUI LUCIA_GLOVER,E0110
111,JESUS,GAZQUEZ,NOZETTO,JESUS GAZQUEZ NOZETTO,E0111
112,MARTA,MARIA_BARRIOS,AURORA_RUZA,MARTA MARIA_BARRIOS AURORA_RUZA,E0112
113,CAROLINE,JAVIER_BORDIS,ROSE_RICHARDSON,CAROLINE JAVIER_BORDIS ROSE_RICHARDSON,E0113
114,EBRAHIM,RACH,KRZELJ,EBRAHIM RACH KRZELJ,E0114
115,HONGFEN,NEREA_MASCIALINO,GALATI,HONGFEN NEREA_MASCIALINO GALATI,E0115
116,EGOITZ,JAVIER_BOSCHMAN,LUIGI_SEGUI,EGOITZ JAVIER_BOSCHMAN LUIGI_SEGUI,E0116
117,ALICIA,ANTENORI,DEMARTINI,ALICIA ANTENORI DEMARTINI,E0117
118,MIHAELA,ANSELMO_BRUNETTO,BARSELLINI,MIHAELA ANSELMO_BRUNETTO BARSELLINI,E0118
119,MARGUERITE,OLGA_SCHWANKE,SBORDELATI,MARGUERITE OLGA_SCHWANKE SBORDELATI,E0119
120,ISABEL,MARCELLO,GABRIEL_PALACIN,ISABEL MARCELLO GABRIEL_PALACIN,E0120
121,HAMOU,AURELIA_GAMBACURTA,VANESSA_YRALA,HAMOU AURELIA_GAMBACURTA VANESSA_YRALA,E0121
122,EUGENIO,MATURANO,CECILIA_ZUBILLAGA,EUGENIO MATURANO CECILIA_ZUBILLAGA,E0122
123,JINLIAN,PECOLLO,ANDREA_ALDALUR,JINLIAN PECOLLO ANDREA_ALDALUR,E0123
124,TOMAS,MINOLDO,TRINIDAD_DYCHTER,TOMAS MINOLDO TRINIDAD_DYCHTER,E0124
125,ANTONIA,MARINA_BUCHERT,NEREA_MASCIALINO,ANTONIA MARINA_BUCHERT NEREA_MASCIALINO,E0125
126,ENCARNITA,NOELIA_ECHAIDE,MARIA_BARRIOS,ENCARNITA NOELIA_ECHAIDE MARIA_BARRIOS,E0126
127,SUSANA,CLAUDIO_CAMPILLO,RIGESTI,SUSANA CLAUDIO_CAMPILLO RIGESTI,E0127
128,JANETA,JESUS_PICCOLI,KARINA_GAVIEIRO,JANETA JESUS_PICCOLI KARINA_GAVIEIRO,E0128
129,HARIDIAM,EDUARDO_CARABAJAL,GABRIELA_ARGENTINI,HARIDIAM EDUARDO_CARABAJAL GABRIELA_ARGENTINI,E0129
130,YUZHU,ABEL_DESPOUY,NAHUELQUIR,YUZHU ABEL_DESPOUY NAHUELQUIR,E0130
131,GUILLERMO,JULIO_LLARULL,EDUVIGIS_GABUTTI,GUILLERMO JULIO_LLARULL EDUVIGIS_GABUTTI,E0131
132,ZOI,NEUMANN,ANDRES_DE_GAUDIO,ZOI NEUMANN ANDRES_DE_GAUDIO,E0132
133,RAZVAN,MILITERNO,SUSANA_JALY,RAZVAN MILITERNO SUSANA_JALY,E0133
134,MOHAMED,VICENT_MORFINI,MARINA_BUCHERT,MOHAMED VICENT_MORFINI MARINA_BUCHERT,E0134
135,SEGUNDO,LAVERNE,MABEL_PARRA,SEGUNDO LAVERNE MABEL_PARRA,E0135
136,ADONAI,ESPAÃÂ±OL,NOTARIO,ADONAI ESPAÃÂ±OL NOTARIO,E0136
137,NIKOLAY,MAURICIO_BERTERO,NICASIO_RABENA,NIKOLAY MAURICIO_BERTERO NICASIO_RABENA,E0137
138,CE,GORNO,KRYWEZENIA,CE GORNO KRYWEZENIA,E0138
139,MAURICI,DELORFANELLO,ESTHER_ESPEL,MAURICI DELORFANELLO ESTHER_ESPEL,E0139
140,ALEXANDRU,CESAR_MUCCILLI,MILAGROS_CABAÃÂ±AS,ALEXANDRU CESAR_MUCCILLI MILAGROS_CABAÃÂ±AS,E0140
141,HUIHUI,GAGNO,BIGNASCO,HUIHUI GAGNO BIGNASCO,E0141
142,RENETA,AGUSTIN_PRATOLA,ARIEL_BEL,RENETA AGUSTIN_PRATOLA ARIEL_BEL,E0142
143,ANTONIO,MABEL_BOHNHOFF,GMELNIZKY,ANTONIO MABEL_BOHNHOFF GMELNIZKY,E0143
144,MERCY,ROSA_VILLELA,ANTONIO_DEL_SIGNO,MERCY ROSA_VILLELA ANTONIO_DEL_SIGNO,E0144
145,LILIA,NAHUEL_VELARDE,ZILLA,LILIA NAHUEL_VELARDE ZILLA,E0145
146,ROGELIO,LUZ_RASELLI,CARMEN_FLOOD,ROGELIO LUZ_RASELLI CARMEN_FLOOD,E0146
147,ULRIKE,LAURENS,AURELIA_GAMBACURTA,ULRIKE LAURENS AURELIA_GAMBACURTA,E0147
148,GUSTAVO,ROCIO_SANTACRUZ,RUBEN_ASCARZA,GUSTAVO ROCIO_SANTACRUZ RUBEN_ASCARZA,E0148
149,DIANA,HAXHI,ION_ORQUERA,DIANA HAXHI ION_ORQUERA,E0149
150,ARRATE,YUSIF,BADRIOTTI,ARRATE YUSIF BADRIOTTI,E0150
151,CONSUELO,NIEVES_OLAZAGOITIA,ILIEV_METRALLA,CONSUELO NIEVES_OLAZAGOITIA ILIEV_METRALLA,E0151
152,CHOUKRI,FERNANDO_MIRRA,GMELNIZKY,CHOUKRI FERNANDO_MIRRA GMELNIZKY,E0152
153,MARIUS,ANTHONY_YENEQUINI,ALFONSO_PRONCZUK,MARIUS ANTHONY_YENEQUINI ALFONSO_PRONCZUK,E0153
154,MARWANE,ANN_SAMMARTIN,PUBILL,MARWANE ANN_SAMMARTIN PUBILL,E0154
155,ALEXANDER,CHRISTOPHER_JACOMY,GERARDO_FIEZZONI,ALEXANDER CHRISTOPHER_JACOMY GERARDO_FIEZZONI,E0155
156,SAIRA,PREZZACCO,INMACULADA_QUISPEALAYA,SAIRA PREZZACCO INMACULADA_QUISPEALAYA,E0156
157,RAUL,HENRIQUE_YAGUA,BRANDAN,RAUL HENRIQUE_YAGUA BRANDAN,E0157
158,SAAID,LIBERTO_MORATIEL,DANIELA_PANNO,SAAID LIBERTO_MORATIEL DANIELA_PANNO,E0158
159,HASEEB,BASCHERA,GRIEVE,HASEEB BASCHERA GRIEVE,E0159
160,LUCIANO,FABRO,SOSA,LUCIANO FABRO SOSA,E0160
161,KAMRUL,IVAN_OKRUCINSKI,AGNIESZKA_COLAYAGO,KAMRUL IVAN_OKRUCINSKI AGNIESZKA_COLAYAGO,E0161
162,IOAN,XAVIER_BERTONE,MATURANO,IOAN XAVIER_BERTONE MATURANO,E0162
163,MONICA,BELARMINA_CARAVAGGIO,RAUL_ILLESCA,MONICA BELARMINA_CARAVAGGIO RAUL_ILLESCA,E0163
164,GABRIELA,GARRIDO,SURIN,GABRIELA GARRIDO SURIN,E0164
165,SEAN,BEATRIZ_AZVALINSKY,ALFREDO_CHANTIRE,SEAN BEATRIZ_AZVALINSKY ALFREDO_CHANTIRE,E0165
166,JAIME,ABEL_DESPOUY,PIEDAD_QUINTAL,JAIME ABEL_DESPOUY PIEDAD_QUINTAL,E0166
167,JOSE,ANNE_BIASOTTI,BLANCA_LEFIMAN,JOSE ANNE_BIASOTTI BLANCA_LEFIMAN,E0167
168,JUAN,JULIETH_SAHAKIAN,SURIN,JUAN JULIETH_SAHAKIAN SURIN,E0168
169,MATIAS,LISBETH_VAN,ELISEO_URUEÃÂ±A,MATIAS LISBETH_VAN ELISEO_URUEÃÂ±A,E0169
170,ANNA,PAYSSE,ANDREI_LICATA,ANNA PAYSSE ANDREI_LICATA,E0170
171,VIORICA,ALVARO_ODSTRCILIK,DOLORES_CASADEVALL,VIORICA ALVARO_ODSTRCILIK DOLORES_CASADEVALL,E0171
172,MARIYANA,ALICIA_CONTESSI,BASCHERA,MARIYANA ALICIA_CONTESSI BASCHERA,E0172
173,JULIAN,ALMONTE,CHAIA,JULIAN ALMONTE CHAIA,E0173
174,GUADALUPE,SUSAN_CIL,RAVACHINI,GUADALUPE SUSAN_CIL RAVACHINI,E0174
175,ROSSEMARY,GABRIEL_PALACIN,CARIAGA,ROSSEMARY GABRIEL_PALACIN CARIAGA,E0175
176,LOUISE,BENZEL,TONELLI,LOUISE BENZEL TONELLI,E0176
177,VETA,LIBIA_IMPELLICCIERI,ANDREA_ALDALUR,VETA LIBIA_IMPELLICCIERI ANDREA_ALDALUR,E0177
178,CARLOS,ANGELES_TOLA,MARTIN_RIANI,CARLOS ANGELES_TOLA MARTIN_RIANI,E0178
179,JULIETTE,EMILIO_CASTRATARO,VEGLIA,JULIETTE EMILIO_CASTRATARO VEGLIA,E0179
180,ESPERANZA,BORCHEIDT,ESPERANZA_AGROFOLIO,ESPERANZA BORCHEIDT ESPERANZA_AGROFOLIO,E0180
181,AARON,ZADOROZNY,ILLAH_GALIAN,AARON ZADOROZNY ILLAH_GALIAN,E0181
182,CHOUKRI,MARGARITA_SEVERICH,ANTON_RECCHIUTO,CHOUKRI MARGARITA_SEVERICH ANTON_RECCHIUTO,E0182
183,LAURENTIU,CHARPENTIER,LUIS_BURGA,LAURENTIU CHARPENTIER LUIS_BURGA,E0183
184,DOLORES,PORTENTOSO,BASCHERA,DOLORES PORTENTOSO BASCHERA,E0184
185,DJENEBA,CARINA_PEREGO,HECTOR_CACEDA,DJENEBA CARINA_PEREGO HECTOR_CACEDA,E0185
186,ANIRIA,ASEVEDO,GABRIELA_YANUCCI,ANIRIA ASEVEDO GABRIELA_YANUCCI,E0186
187,JULIAN,EDUVIGIS_GABUTTI,ARECO,JULIAN EDUVIGIS_GABUTTI ARECO,E0187
188,MERCY,MARIA_PUZIN,SEBASTIAN_JULIAN,MERCY MARIA_PUZIN SEBASTIAN_JULIAN,E0188
189,MARCELLA,ALICIA_CONTESSI,TEMNIK,MARCELLA ALICIA_CONTESSI TEMNIK,E0189
190,MARIA,YUSIF,ABEL_DESPOUY,MARIA YUSIF ABEL_DESPOUY,E0190
191,ANNA,FERNANDO_RIBOLDI,PACHKEVITCH,ANNA FERNANDO_RIBOLDI PACHKEVITCH,E0191
192,ROXANA,NOELIA_ECHAIDE,MERCEDES_PIAN,ROXANA NOELIA_ECHAIDE MERCEDES_PIAN,E0192
193,ARABEL,ANTONIA_BOLAÃÂ±EZ,MANEL_FRANCHI,ARABEL ANTONIA_BOLAÃÂ±EZ MANEL_FRANCHI,E0193
194,MARIVEL,YEREGUI,ARISPE,MARIVEL YEREGUI ARISPE,E0194
195,ASSOU,WELESIK,ABECASIS,ASSOU WELESIK ABECASIS,E0195
196,SURY,MUÃÂ±OS,TRIPALDI,SURY MUÃÂ±OS TRIPALDI,E0196
197,NURIA,KOROL,MARIA_BIANCIOTTO,NURIA KOROL MARIA_BIANCIOTTO,E0197
198,SANTIAGO,ANDREA_FONSECA,MARIA_CARREL,SANTIAGO ANDREA_FONSECA MARIA_CARREL,E0198
199,SIRA,WELESIK,DIONISIO_KLALA,SIRA WELESIK DIONISIO_KLALA,E0199
200,BLANCA,ZUZUNEGUI,TRINIDAD_GIRALDO,BLANCA ZUZUNEGUI TRINIDAD_GIRALDO,E0200
201,CRISTINA,SUSANA_JALY,ISCASATI,CRISTINA SUSANA_JALY ISCASATI,E0201
202,NANCY,ALL,JONES,NANCY ALL JONES,E0202
203,RUTH,YERAY_NARDA,COBOS,RUTH YERAY_NARDA COBOS,E0203
204,WILSON,MARIA_GUILLAZA,AURELIO_REGOLO,WILSON MARIA_GUILLAZA AURELIO_REGOLO,E0204
205,GERMAN,MERCEDES_PIAN,PAUL_RUDERMAN,GERMAN MERCEDES_PIAN PAUL_RUDERMAN,E0205
206,KAREN,SOTO,EMILIO_ABERASTO,KAREN SOTO EMILIO_ABERASTO,E0206
207,SILVIA,SERGIO_COMINI,TERESA_SPERANDINI,SILVIA SERGIO_COMINI TERESA_SPERANDINI,E0207
208,CE,KOROL,ROBERTO_CIUFFOLINI,CE KOROL ROBERTO_CIUFFOLINI,E0208
209,WAJID,HASSAN_MORAHAN,INES_BELTRAMINI,WAJID HASSAN_MORAHAN INES_BELTRAMINI,E0209
210,ANDRES,FERRARO,MUSMANNO,ANDRES FERRARO MUSMANNO,E0210
211,YUEHUA,LUNA,ANGELICA_LEE,YUEHUA LUNA ANGELICA_LEE,E0211
212,LUIS,BRATTOLI,SOFIA_MIADOSQUI,LUIS BRATTOLI SOFIA_MIADOSQUI,E0212
213,NADIR,GUILLERMINA_LAURA,MARIA_REYNAGA,NADIR GUILLERMINA_LAURA MARIA_REYNAGA,E0213
214,ELENA,ALEJANDRO_ALBURQUENQUE,MARIA_ANDARI,ELENA ALEJANDRO_ALBURQUENQUE MARIA_ANDARI,E0214
215,PEDRO,PIGGINI,RENATO_ESCANDON,PEDRO PIGGINI RENATO_ESCANDON,E0215
216,KEITH,CARLOS_BALANOWSKY,MILAGROS_CIANCIA,KEITH CARLOS_BALANOWSKY MILAGROS_CIANCIA,E0216
217,AGOSTINHO,INES_KINGSLAND,NAHUEL_YABLONSKI,AGOSTINHO INES_KINGSLAND NAHUEL_YABLONSKI,E0217
218,BLANCA,ANTONIO_DEL_SIGNO,MARIA_BARRIOS,BLANCA ANTONIO_DEL_SIGNO MARIA_BARRIOS,E0218
219,MARIA,ROMINA_TOKUJO,ALMONTE,MARIA ROMINA_TOKUJO ALMONTE,E0219
220,VIORICA,PIEDAD_QUINTAL,ROSE_RICHARDSON,VIORICA PIEDAD_QUINTAL ROSE_RICHARDSON,E0220
221,MARIO,LLANEZA,INSAURRALDE,MARIO LLANEZA INSAURRALDE,E0221
222,DIEGO,VACA,LUZ_RASELLI,DIEGO VACA LUZ_RASELLI,E0222
223,TASAWAR,GUILLERMO_RABAGLIO,MARIA_ZARIELLO,TASAWAR GUILLERMO_RABAGLIO MARIA_ZARIELLO,E0223
224,FRANKLIN,DE_OROMI,LUCIA_COLTRINARI,FRANKLIN DE_OROMI LUCIA_COLTRINARI,E0224
225,YEVGEN,BIGNASCO,GMELNIZKY,YEVGEN BIGNASCO GMELNIZKY,E0225
226,MARIA,AUSENCIA_GUARNOCHEA,NICOLAE_PALACIO,MARIA AUSENCIA_GUARNOCHEA NICOLAE_PALACIO,E0226
227,RAMONA,GARRIDO,MARIANO_CAMPOS,RAMONA GARRIDO MARIANO_CAMPOS,E0227
228,GUZMAN,CARNA,JMULLEK,GUZMAN CARNA JMULLEK,E0228
229,MARIA,CONSTANTINO_TALAMONA,BEOLA,MARIA CONSTANTINO_TALAMONA BEOLA,E0229
230,NORMA,OYARBURU,MARCIANA_SOTTOCORNO,NORMA OYARBURU MARCIANA_SOTTOCORNO,E0230
231,MARIA,ADRIANA_ALACA,LOIACONE,MARIA ADRIANA_ALACA LOIACONE,E0231
232,ROI,XAVIER_BERTONE,JOSEFINA_CASCALES,ROI XAVIER_BERTONE JOSEFINA_CASCALES,E0232
233,PATRICIA,RENATO_ESCANDON,PIEROBON,PATRICIA RENATO_ESCANDON PIEROBON,E0233
234,REMEDIOS,CARMEN_FLOOD,PERPETUA_PINELLA,REMEDIOS CARMEN_FLOOD PERPETUA_PINELLA,E0234
235,GENTZANE,CARMEN_COUSSILLAN,ANDREI_VENDEMMIA,GENTZANE CARMEN_COUSSILLAN ANDREI_VENDEMMIA,E0235
236,TATIANA,LUCIA_CASAMASSIMA,AMIN_SALIEGA,TATIANA LUCIA_CASAMASSIMA AMIN_SALIEGA,E0236
237,CLAUDIA,ROBERTO_CIUFFOLINI,GINES_FRANCHOSSI,CLAUDIA ROBERTO_CIUFFOLINI GINES_FRANCHOSSI,E0237
238,DAVID,SVALDI,GERMAN_MUSSIN,DAVID SVALDI GERMAN_MUSSIN,E0238
239,THOR,MAESTRO,JAMES_DRAGO,THOR MAESTRO JAMES_DRAGO,E0239
240,LUCIANO,PAULA_PONTURO,TONEATTI,LUCIANO PAULA_PONTURO TONEATTI,E0240
241,BAYANE,LANARI,NAHUEL_VELARDE,BAYANE LANARI NAHUEL_VELARDE,E0241
242,JULIO,MATTOS,DANIEL_SANDINI,JULIO MATTOS DANIEL_SANDINI,E0242
243,DEBORAH,ZILLA,ZAHABEDRA,DEBORAH ZILLA ZAHABEDRA,E0243
244,TINKA,ANGANUZZI,JULIAN_LENART,TINKA ANGANUZZI JULIAN_LENART,E0244
245,MICHAEL,RUDOLF_BIDERA,VICTORIA_BALUCZYNSKY,MICHAEL RUDOLF_BIDERA VICTORIA_BALUCZYNSKY,E0245
246,SILVIE,MATEO_GARRIDO,RAFAEL_GIACCOTTO,SILVIE MATEO_GARRIDO RAFAEL_GIACCOTTO,E0246
247,ENRIQUE,JULIANA_GAMBA,ISABEL_REMY,ENRIQUE JULIANA_GAMBA ISABEL_REMY,E0247
248,ALEXANDRU,VIEYRA,ESPERANZA_ELIZALDE,ALEXANDRU VIEYRA ESPERANZA_ELIZALDE,E0248
249,PARWINDER,YUSIF,MARIANA_GALDEANO,PARWINDER YUSIF MARIANA_GALDEANO,E0249
250,JOAQUIN,IDALGO,PECOLLO,JOAQUIN IDALGO PECOLLO,E0250
251,DUMITRU,TAMARA_GRAU,TURRUCHEL_BANFI,DUMITRU TAMARA_GRAU TURRUCHEL_BANFI,E0251
252,ELODY,ALFONSO_PRONCZUK,ALEJANDRA_SOFRE,ELODY ALFONSO_PRONCZUK ALEJANDRA_SOFRE,E0252
253,JOSE,MARIA_BUJMAN,CUPERTINO,JOSE MARIA_BUJMAN CUPERTINO,E0253
254,LEONARD,GELVEZ,FRANCISCO_TOSI,LEONARD GELVEZ FRANCISCO_TOSI,E0254
255,LEONARD,YOLANDA_GUISAMBURU,EDUARDO_HINRICHSEN,LEONARD YOLANDA_GUISAMBURU EDUARDO_HINRICHSEN,E0255
256,SABIRA,INES_KINGSLAND,MARIA_GUILLAZA,SABIRA INES_KINGSLAND MARIA_GUILLAZA,E0256
257,SURY,ALEXANDRU_DI_LENA,INSAURRALDE,SURY ALEXANDRU_DI_LENA INSAURRALDE,E0257
258,MAIARA,ELISEO_URUEÃÂ±A,SUSANA_BERRETTA,MAIARA ELISEO_URUEÃÂ±A SUSANA_BERRETTA,E0258
259,GALDRIC,GERARDO_FIEZZONI,LESLIE_FRANCES,GALDRIC GERARDO_FIEZZONI LESLIE_FRANCES,E0259
260,BELKIS,ANN_PENNETTA,BEGOÃA_SCOLARICI,BELKIS ANN_PENNETTA BEGOÃA_SCOLARICI,E0260
261,MANUEL,CRISPINA_BITTOLO,MARTELO,MANUEL CRISPINA_BITTOLO MARTELO,E0261
262,CORINA,HORTENSIA_MAGNO,HORDH,CORINA HORTENSIA_MAGNO HORDH,E0262
263,REMEDIOS,ESTER_FREDDOLINO,CARMEN_FLOOD,REMEDIOS ESTER_FREDDOLINO CARMEN_FLOOD,E0263
264,DIEGO,BEOLA,PAUL_RUDERMAN,DIEGO BEOLA PAUL_RUDERMAN,E0264
265,ASSOU,GUILLERMINA_LAURA,VICTOR_KALENCHUK,ASSOU GUILLERMINA_LAURA VICTOR_KALENCHUK,E0265
266,FANIA,VICENTE_BURDINO,ESPERANZA_ELIZALDE,FANIA VICENTE_BURDINO ESPERANZA_ELIZALDE,E0266
267,MARIANA,IVANOVA_DIANI,EDUARDO_HINRICHSEN,MARIANA IVANOVA_DIANI EDUARDO_HINRICHSEN,E0267
268,CE,ADRIAN_RAFAEL,BRANDONI,CE ADRIAN_RAFAEL BRANDONI,E0268
269,WILDER,GAGNO,ESTHER_ESPEL,WILDER GAGNO ESTHER_ESPEL,E0269
270,FATIMA,MARIA_ZARIELLO,MARIA_BUJMAN,FATIMA MARIA_ZARIELLO MARIA_BUJMAN,E0270
271,ARANZA,MUSMANNO,PIOTR_BALARINI,ARANZA MUSMANNO PIOTR_BALARINI,E0271
272,MANISHA,RENATO_ESCANDON,RONCESVALLES_VITTOR,MANISHA RENATO_ESCANDON RONCESVALLES_VITTOR,E0272
273,EGOITZ,ROBERTO_CIUFFOLINI,SCHONING,EGOITZ ROBERTO_CIUFFOLINI SCHONING,E0273
274,PAULO,MUÃÂ±OS,LUCIA_RUEDI,PAULO MUÃÂ±OS LUCIA_RUEDI,E0274
275,LILIAN,DOMINI,MILAGROS_CIANCIA,LILIAN DOMINI MILAGROS_CIANCIA,E0275
276,ELADIO,D'_ARRIGO,FELIX_PLAJUTIN,ELADIO D'_ARRIGO FELIX_PLAJUTIN,E0276
277,CANCIO,AMADEO_HEISTERBORG,VICTORIA_CORNAGLIA,CANCIO AMADEO_HEISTERBORG VICTORIA_CORNAGLIA,E0277
278,MARIA,PUSANZINI,CANESINI,MARIA PUSANZINI CANESINI,E0278
279,ROXANA,MARINA_RUBIDARTE,PASTOR_CAPSI,ROXANA MARINA_RUBIDARTE PASTOR_CAPSI,E0279
280,ISABEL,BELEN_VITOLO,ANTONIO_CHIAVAZZA,ISABEL BELEN_VITOLO ANTONIO_CHIAVAZZA,E0280
281,DEIMANTE,FRANCISCO_COSCIO,ANTONIO_DUSCOVICH,DEIMANTE FRANCISCO_COSCIO ANTONIO_DUSCOVICH,E0281
282,PABLO,OGANDO,BRANDONI,PABLO OGANDO BRANDONI,E0282
283,YOBANY,SERVIN,DARIUS_BURES,YOBANY SERVIN DARIUS_BURES,E0283
284,PELIGROS,ELIAS_DABUSTO,DACCI,PELIGROS ELIAS_DABUSTO DACCI,E0284
285,DEMOFILO,ALDEMAR_DESHAYES,RUBEN_MALDOCENA,DEMOFILO ALDEMAR_DESHAYES RUBEN_MALDOCENA,E0285
286,OUMAYMA,AMADUZZI,VALLE_DISTEL,OUMAYMA AMADUZZI VALLE_DISTEL,E0286
287,VITALY,OMAIRA_FABBRINI,PATRICIA_HEIDEL,VITALY OMAIRA_FABBRINI PATRICIA_HEIDEL,E0287
288,DIANA,ALEJANDRA_DELORENZO,SURIN,DIANA ALEJANDRA_DELORENZO SURIN,E0288
289,JESICA,GMELNIZKY,FRANCISCO_TOSI,JESICA GMELNIZKY FRANCISCO_TOSI,E0289
290,ESPERANZA,HASSAN_MORAHAN,ALBA_ALAGGIO,ESPERANZA HASSAN_MORAHAN ALBA_ALAGGIO,E0290
291,GUSTAVO,EL_AMIN_CAPOSSIO,MALVELEN,GUSTAVO EL_AMIN_CAPOSSIO MALVELEN,E0291
292,IRMA,YÃÂ±IGO,WILLIAM_GUARNIOLO,IRMA YÃÂ±IGO WILLIAM_GUARNIOLO,E0292
293,CARLA,ELIANA_BALIARI,APPENDINO,CARLA ELIANA_BALIARI APPENDINO,E0293
294,LILIAN,ZIARZOLO,RAFAEL_GIACCOTTO,LILIAN ZIARZOLO RAFAEL_GIACCOTTO,E0294
295,VIOLETA,MARIA_CERNEAZ,MARIA_ROTELA,VIOLETA MARIA_CERNEAZ MARIA_ROTELA,E0295
296,ROBERT,SAN_FRANCISCO,MARIA_ZARIELLO,ROBERT SAN_FRANCISCO MARIA_ZARIELLO,E0296
297,OANA,RIGESTI,ANDRES_DE_GAUDIO,OANA RIGESTI ANDRES_DE_GAUDIO,E0297
298,JESUS,PATRICIA_DATTILO,JERMAN,JESUS PATRICIA_DATTILO JERMAN,E0298
299,LUIS,ESTECHE,AUDINO,LUIS ESTECHE AUDINO,E0299
300,YEVGEN,SOSA,ROSA_DE_PRAT,YEVGEN SOSA ROSA_DE_PRAT,E0300
301,AURORA,STANIZZO,JAMES_DRAGO,AURORA STANIZZO JAMES_DRAGO,E0301
302,KATERYNA,LOUISE_INAFUKU,PATRON,KATERYNA LOUISE_INAFUKU PATRON,E0302
303,MARCO,PUBILL,LORENA_MAYORAZ,MARCO PUBILL LORENA_MAYORAZ,E0303
304,ADRIANA,TAMARA_GRAU,JESUS_PICCOLI,ADRIANA TAMARA_GRAU JESUS_PICCOLI,E0304
305,SAAID,TEMNIK,LUIS_PETITOT,SAAID TEMNIK LUIS_PETITOT,E0305
306,ABDEL,ALAN_RUTILO,AMIN_SALIEGA,ABDEL ALAN_RUTILO AMIN_SALIEGA,E0306
307,CILIA,RAUL_POLKOSKI,SANTIAGO_DIONISIO,CILIA RAUL_POLKOSKI SANTIAGO_DIONISIO,E0307
308,ARTURO,ANGEL_CONCHILLO,ANA_MESTRE,ARTURO ANGEL_CONCHILLO ANA_MESTRE,E0308
309,DANIEL,PISETTA,DE_VEGA,DANIEL PISETTA DE_VEGA,E0309
310,JOSE,ELIAS_RICALDE,ALBERTO_ORTUÃÂ±O,JOSE ELIAS_RICALDE ALBERTO_ORTUÃÂ±O,E0310
311,PATRICIA,ANTHONY_YENEQUINI,MARIANO_CAMPOS,PATRICIA ANTHONY_YENEQUINI MARIANO_CAMPOS,E0311
312,BENTEJUI,IBACACHE,PANNIA,BENTEJUI IBACACHE PANNIA,E0312
313,ANA,SGOBBA,MERCEDES_PERIE,ANA SGOBBA MERCEDES_PERIE,E0313
314,MARIA,BLANCA_LEFIMAN,MARIA_CHOQUEVILLCA,MARIA BLANCA_LEFIMAN MARIA_CHOQUEVILLCA,E0314
315,ANNA,BENZEL,TEJADA,ANNA BENZEL TEJADA,E0315
316,UMAYMA,LINDA_ORMELLA,OLESNIEVICZ,UMAYMA LINDA_ORMELLA OLESNIEVICZ,E0316
317,CAROLINA,DEL_PORT,MELISSA_CITWAR,CAROLINA DEL_PORT MELISSA_CITWAR,E0317
318,FRANCISCO,KLENZI,CANESINI,FRANCISCO KLENZI CANESINI,E0318
319,ALEXANDRU,CRISTIAN_ZAZZERINI,MARTIN_RIANI,ALEXANDRU CRISTIAN_ZAZZERINI MARTIN_RIANI,E0319
320,MARIA,ASIN,MARAVIGLIA,MARIA ASIN MARAVIGLIA,E0320
321,MARIA,ROCIO_BEGUE,RIGESTI,MARIA ROCIO_BEGUE RIGESTI,E0321
322,JAUME,DITURBIDE,BIGNASCO,JAUME DITURBIDE BIGNASCO,E0322
323,JULIETTE,COLIHUEQUE,ANDRES_TAUFER,JULIETTE COLIHUEQUE ANDRES_TAUFER,E0323
324,ANDRES,MUÃÂ±OS,SERVIN,ANDRES MUÃÂ±OS SERVIN,E0324
325,MERLY,TORTOZA,JACINTO_WEIMBERG,MERLY TORTOZA JACINTO_WEIMBERG,E0325
326,VALENTIN,ISABEL_ZADICOF,PATXI_CUTRIN,VALENTIN ISABEL_ZADICOF PATXI_CUTRIN,E0326
327,FARIA,ISABEL_REMY,GARRONE,FARIA ISABEL_REMY GARRONE,E0327
328,APOLINARIO,LUIS_CHEVALLIER,CONCEPCION_D'_ARPINO,APOLINARIO LUIS_CHEVALLIER CONCEPCION_D'_ARPINO,E0328
329,MARIA,JANE_DISTANZA,CARLOS_TONCONI,MARIA JANE_DISTANZA CARLOS_TONCONI,E0329
330,AINOA,JANE_DISTANZA,NICASIO_RABENA,AINOA JANE_DISTANZA NICASIO_RABENA,E0330
331,MANUEL,BASCHERA,LUISA_LUBLINSKY,MANUEL BASCHERA LUISA_LUBLINSKY,E0331
332,WAJID,JAZMIN_CHICHISOLA,MARIA_CHAN,WAJID JAZMIN_CHICHISOLA MARIA_CHAN,E0332
333,EDUARDO,JOSE_MONDINO,PABLO_VILLARINO,EDUARDO JOSE_MONDINO PABLO_VILLARINO,E0333
334,BALBINA,NOEMI_ANTIÃÂ±IR,ARDOAIN,BALBINA NOEMI_ANTIÃÂ±IR ARDOAIN,E0334
335,MAHYUBA,CARNA,MARGARITA_ARBOLEDA,MAHYUBA CARNA MARGARITA_ARBOLEDA,E0335
336,GERMAN,PORTENTOSO,SUSANA_BERRETTA,GERMAN PORTENTOSO SUSANA_BERRETTA,E0336
337,MARLEY,JULIA_MORIGGIA,TOMASSINI,MARLEY JULIA_MORIGGIA TOMASSINI,E0337
338,NURIA,ANTONIO_ABELLA,MARCOS_MONICA,NURIA ANTONIO_ABELLA MARCOS_MONICA,E0338
339,SUSANA,FORNARINO,MARTIN_CAMPAGNOLO,SUSANA FORNARINO MARTIN_CAMPAGNOLO,E0339
340,ANDREA,YANIRA_BERLUSCONI,NOEMI_SABINO,ANDREA YANIRA_BERLUSCONI NOEMI_SABINO,E0340
341,AIMIN,BENZEL,NIEVES_PAVIN,AIMIN BENZEL NIEVES_PAVIN,E0341
342,ARRATE,CARNA,CARMEN_SAUTIER,ARRATE CARNA CARMEN_SAUTIER,E0342
343,MERCY,RIGESTI,PEDRO_OLIVAR,MERCY RIGESTI PEDRO_OLIVAR,E0343
344,SILVIA,CORNEJO,ELORZA,SILVIA CORNEJO ELORZA,E0344
345,CHRISTIAN,FLORENTINA_SCUTERI,PIERDOMINICI,CHRISTIAN FLORENTINA_SCUTERI PIERDOMINICI,E0345
346,NICOLETA,OSWALDO_BIRIBIN,LILLO,NICOLETA OSWALDO_BIRIBIN LILLO,E0346
347,MARIA,LIBIA_IMPELLICCIERI,CRUZ_ARTESE,MARIA LIBIA_IMPELLICCIERI CRUZ_ARTESE,E0347
348,OSCAR,LINDA_ORMELLA,GAZQUEZ,OSCAR LINDA_ORMELLA GAZQUEZ,E0348
349,CARLOS,SERGIO_CHARVETTO,CESAR_MUCCILLI,CARLOS SERGIO_CHARVETTO CESAR_MUCCILLI,E0349
350,GIAN,MIKEL_CODEVILLA,CONCEPCION_D'_ARPINO,GIAN MIKEL_CODEVILLA CONCEPCION_D'_ARPINO,E0350
351,JOSE,CARPINTERI,PATRICK_SIEBEN,JOSE CARPINTERI PATRICK_SIEBEN,E0351
352,EBRAHIM,SORIN_GIORDANINO,JOHN_VIÃÂ±ES,EBRAHIM SORIN_GIORDANINO JOHN_VIÃÂ±ES,E0352
353,BARBARA,GEORGE_CHILAVER,FAUSTINO_MARCHISSIO,BARBARA GEORGE_CHILAVER FAUSTINO_MARCHISSIO,E0353
354,SEIKOU,PATRICK_SIEBEN,MONTIVERO,SEIKOU PATRICK_SIEBEN MONTIVERO,E0354
355,SURY,PEDRO_OVELAR,JOAQUIN_CORIMAYO,SURY PEDRO_OVELAR JOAQUIN_CORIMAYO,E0355
356,SARA,CANDIDO_RIMAC,ANGANUZZI,SARA CANDIDO_RIMAC ANGANUZZI,E0356
357,CARMEN,NIEVES_PAVIN,MARIA_CERNEAZ,CARMEN NIEVES_PAVIN MARIA_CERNEAZ,E0357
358,ELISA,LAMINE_CASTELLANELLI,JULIANA_GAMBA,ELISA LAMINE_CASTELLANELLI JULIANA_GAMBA,E0358
359,LEONARDO,ALASSIA,CARIAGA,LEONARDO ALASSIA CARIAGA,E0359
360,KATERYNA,FILIPA_BRACESCO,MERCEDES_ROBIANO,KATERYNA FILIPA_BRACESCO MERCEDES_ROBIANO,E0360
361,SOFYA,OYARBURU,PATXI_CUTRIN,SOFYA OYARBURU PATXI_CUTRIN,E0361
362,JOSE,ZIARZOLO,IDALGO,JOSE ZIARZOLO IDALGO,E0362
363,HONGFEN,ROLLER,LLANEZA,HONGFEN ROLLER LLANEZA,E0363
364,JULIO,CRISTIAN_ZAZZERINI,NOEMI_ANTIÃÂ±IR,JULIO CRISTIAN_ZAZZERINI NOEMI_ANTIÃÂ±IR,E0364
365,GHEORGHE,RAMON_NAZAR,VICTORIA_CORNAGLIA,GHEORGHE RAMON_NAZAR VICTORIA_CORNAGLIA,E0365
366,ABARNE,BARBERENA,ALFONSO_LEVI,ABARNE BARBERENA ALFONSO_LEVI,E0366
367,PATRICIA,ZUZUNEGUI,ROBERTO_MANZILLA,PATRICIA ZUZUNEGUI ROBERTO_MANZILLA,E0367
368,LUIS,IONUT_BULACIO,RUTH_TOCHI,LUIS IONUT_BULACIO RUTH_TOCHI,E0368
369,XENIA,BEATA_BRECCIA,SALVADOR_ROSBACO,XENIA BEATA_BRECCIA SALVADOR_ROSBACO,E0369
370,ERICK,FATIMA_SIXTO,WELESIK,ERICK FATIMA_SIXTO WELESIK,E0370
371,SAHIB,PERPETUA_PINELLA,CARLOS_BALANOWSKY,SAHIB PERPETUA_PINELLA CARLOS_BALANOWSKY,E0371
372,MARLEY,MERELLES,ANTENORI,MARLEY MERELLES ANTENORI,E0372
373,JORGE,GALATI,GELVEZ,JORGE GALATI GELVEZ,E0373
374,FRANCISCA,JERMAN,GEORGETA_GUINTER,FRANCISCA JERMAN GEORGETA_GUINTER,E0374
375,LIBE,JAVIER_STOFFEL,FATIMA_CARNIELLI,LIBE JAVIER_STOFFEL FATIMA_CARNIELLI,E0375
376,JOSE,SEJA,PIERDOMINICI,JOSE SEJA PIERDOMINICI,E0376
377,MAIXA,GHAZI_MANZONE,SALUD_LOVISOLO,MAIXA GHAZI_MANZONE SALUD_LOVISOLO,E0377
378,IGNACIO,ROSA_DE_PRAT,MONTIVERO,IGNACIO ROSA_DE_PRAT MONTIVERO,E0378
379,JAUME,ALEJANDRO_FORNER,CRISTO_VELASCO,JAUME ALEJANDRO_FORNER CRISTO_VELASCO,E0379
380,MARIA,FRANCIS_KASS,MASSO,MARIA FRANCIS_KASS MASSO,E0380
381,DORA,BATTAGLIERO,ALEJANDRO_GAUDENZIO,DORA BATTAGLIERO ALEJANDRO_GAUDENZIO,E0381
382,ELENA,JOY_PIMENTEL,LARA,ELENA JOY_PIMENTEL LARA,E0382
383,MERCEDES,GHEORGHE_SOFIAN,AINHOA_GUSANTE,MERCEDES GHEORGHE_SOFIAN AINHOA_GUSANTE,E0383
384,BERNARDITA,MAZZERO,SALVADOR_ROSBACO,BERNARDITA MAZZERO SALVADOR_ROSBACO,E0384
385,ANNA,EMANUEL_SIBBALD,ABEL_DESPOUY,ANNA EMANUEL_SIBBALD ABEL_DESPOUY,E0385
386,ALICIA,BADRIOTTI,DINA_AGUILLON,ALICIA BADRIOTTI DINA_AGUILLON,E0386
387,PEDRO,FRANCISCO_GRACIARENA,FABIAN_BRUSAFERRI,PEDRO FRANCISCO_GRACIARENA FABIAN_BRUSAFERRI,E0387
388,NICOLETA,ANA_MESTRE,PERPETUA_PINELLA,NICOLETA ANA_MESTRE PERPETUA_PINELLA,E0388
389,MARY,MIHAELA_ARTAZA,PABLO_CARNICERO,MARY MIHAELA_ARTAZA PABLO_CARNICERO,E0389
390,GRZEGORZ,AGUSTIN_PRATOLA,PECOLLO,GRZEGORZ AGUSTIN_PRATOLA PECOLLO,E0390
391,KAREN,ANTENORI,EZEQUIEL_PASINI,KAREN ANTENORI EZEQUIEL_PASINI,E0391
392,DIEGO,KATHERINE_GUAMAN,MORRON,DIEGO KATHERINE_GUAMAN MORRON,E0392
393,RAWDA,ELISEO_URUEÃÂ±A,ARIEL_GANDULFO,RAWDA ELISEO_URUEÃÂ±A ARIEL_GANDULFO,E0393
394,ELSA,CRUZ_ARTESE,PASTOR_CAPSI,ELSA CRUZ_ARTESE PASTOR_CAPSI,E0394
395,NICOLAE,PACHKEVITCH,CHIARDOLA,NICOLAE PACHKEVITCH CHIARDOLA,E0395
396,EDITA,MARIA_BIANCIOTTO,NOEMI_SABINO,EDITA MARIA_BIANCIOTTO NOEMI_SABINO,E0396
397,TATIANA,TAMBAL,JONES,TATIANA TAMBAL JONES,E0397
398,CHEIMA,GREGORIO_FORNO,OSVALDO_PITT,CHEIMA GREGORIO_FORNO OSVALDO_PITT,E0398
399,AIMIN,JAVIER_BORDIS,RAMONA_RICCIERI,AIMIN JAVIER_BORDIS RAMONA_RICCIERI,E0399
400,JENNY,ALEJANDRO_FORNER,MUSMANNO,JENNY ALEJANDRO_FORNER MUSMANNO,E0400
401,ISOLINA,PROVIDENCIA_BARRIONUEVO,STEFAN_KOSSOY,ISOLINA PROVIDENCIA_BARRIONUEVO STEFAN_KOSSOY,E0401
402,BLANCA,ALFONSO_PRONCZUK,RAMONA_RICCIERI,BLANCA ALFONSO_PRONCZUK RAMONA_RICCIERI,E0402
403,ANDREEA,ALFONSO_BALLON,ALFONSO_BALLON,ANDREEA ALFONSO_BALLON ALFONSO_BALLON,E0403
404,JAUME,ADRIANA_ALACA,MAZZOTTI,JAUME ADRIANA_ALACA MAZZOTTI,E0404
405,LEONARDO,MATTOS,TURRUCHEL_BANFI,LEONARDO MATTOS TURRUCHEL_BANFI,E0405
406,CARMEN,KLENZI,RAVEL,CARMEN KLENZI RAVEL,E0406
407,MARIA,SILVESTRE_HOFFMAN,ALEXANDRU_MAYDANA,MARIA SILVESTRE_HOFFMAN ALEXANDRU_MAYDANA,E0407
408,NORMA,CONFORTTI,PEDRO_OLIVAR,NORMA CONFORTTI PEDRO_OLIVAR,E0408
409,LAURA,ADELA_PARMA,STANIZZO,LAURA ADELA_PARMA STANIZZO,E0409
410,SERGII,MOISES_VIGNE,MAURICIO_BERTERO,SERGII MOISES_VIGNE MAURICIO_BERTERO,E0410
411,SIENA,MARGARET_YACANTO,ALCALDE,SIENA MARGARET_YACANTO ALCALDE,E0411
412,MANISHA,PILAR_DUTHIL,ANICETO_CHITAY,MANISHA PILAR_DUTHIL ANICETO_CHITAY,E0412
413,PEDRO,FERNANDO_JADUR,MARIA_ZARIELLO,PEDRO FERNANDO_JADUR MARIA_ZARIELLO,E0413
414,ANDREA,COMETTO,GABRIELA_ARGENTINI,ANDREA COMETTO GABRIELA_ARGENTINI,E0414
415,DIEGO,JMULLEK,MERCEDES_TORIANO,DIEGO JMULLEK MERCEDES_TORIANO,E0415
416,MARCO,ORSINI,GIORGETTI,MARCO ORSINI GIORGETTI,E0416
417,ANGELA,RUBIELA_LAURETTA,CARMEN_MARCOCICH,ANGELA RUBIELA_LAURETTA CARMEN_MARCOCICH,E0417
418,BISILA,ADELA_MARCOVICH,ALEJANDRO_MATTHEI,BISILA ADELA_MARCOVICH ALEJANDRO_MATTHEI,E0418
419,GUSTAVO,ESTELA_INSAURRALDE,KHAMSA_DESETA,GUSTAVO ESTELA_INSAURRALDE KHAMSA_DESETA,E0419
420,KWASI,VICTORIA_ARUZ,GERARDO_FIEZZONI,KWASI VICTORIA_ARUZ GERARDO_FIEZZONI,E0420
421,SILVIA,COSMIN_STUPAK,AGUSTIN_DEALESSANDRIS,SILVIA COSMIN_STUPAK AGUSTIN_DEALESSANDRIS,E0421
422,ELENA,RAUL_ILLESCA,LUISA_LUBLINSKY,ELENA RAUL_ILLESCA LUISA_LUBLINSKY,E0422
423,KWASI,NEIVA_SASSANO,CEVEY,KWASI NEIVA_SASSANO CEVEY,E0423
424,PAWEL,BIGNASCO,BEOLA,PAWEL BIGNASCO BEOLA,E0424
425,BARBARA,CHINETTI,ANIBAL_MENDALUK,BARBARA CHINETTI ANIBAL_MENDALUK,E0425
426,LAKHWINDER,ESTELA_JANSE,LLORIAN,LAKHWINDER ESTELA_JANSE LLORIAN,E0426
427,NURIA,JUAN_SUÃÂ±E,HAXHI,NURIA JUAN_SUÃÂ±E HAXHI,E0427
428,MANUEL,MARIA_HILDT,LINDA_ORMELLA,MANUEL MARIA_HILDT LINDA_ORMELLA,E0428
429,MARIANO,CONCEPCION_ABACHINI,MAZZERO,MARIANO CONCEPCION_ABACHINI MAZZERO,E0429
430,SEGUNDO,NIEVES_GORAL,NOZETTO,SEGUNDO NIEVES_GORAL NOZETTO,E0430
431,RAZVAN,TORIANI,EL_AMIN_CAPOSSIO,RAZVAN TORIANI EL_AMIN_CAPOSSIO,E0431
432,JENYFER,ESPERANZA_AGROFOLIO,CRISPINA_BITTOLO,JENYFER ESPERANZA_AGROFOLIO CRISPINA_BITTOLO,E0432
433,VESNA,ECCHER,KOLEFF,VESNA ECCHER KOLEFF,E0433
434,GUILLERMO,PASION_PERGOLINI,ARAGONEZ,GUILLERMO PASION_PERGOLINI ARAGONEZ,E0434
435,HANS,IULIANA_HAMPEL,MATEO_GARRIDO,HANS IULIANA_HAMPEL MATEO_GARRIDO,E0435
436,LUIS,TRIPALDI,GUNTHER_GRAVANO,LUIS TRIPALDI GUNTHER_GRAVANO,E0436
437,MING,GRIEVE,COLIHUEQUE,MING GRIEVE COLIHUEQUE,E0437
438,MARGARET,MARTIN_CAMPAGNOLO,DAVID_LUQUI,MARGARET MARTIN_CAMPAGNOLO DAVID_LUQUI,E0438
439,UMAYMA,ISABEL_PETCHO,NAVEDA,UMAYMA ISABEL_PETCHO NAVEDA,E0439
440,MARINA,PISSARRO,TRIPALDI,MARINA PISSARRO TRIPALDI,E0440
441,MICHAEL,JOSEFA_MALLMA,CHINI,MICHAEL JOSEFA_MALLMA CHINI,E0441
442,WENJUN,LAVERNE,VENERUZZO,WENJUN LAVERNE VENERUZZO,E0442
443,CELSO,WEILL,FAUSTINO_MARCHISSIO,CELSO WEILL FAUSTINO_MARCHISSIO,E0443
444,EMELYN,FOLE,CECILIA_ZUBILLAGA,EMELYN FOLE CECILIA_ZUBILLAGA,E0444
445,TANVIR,CHINETTI,VASQUENZ,TANVIR CHINETTI VASQUENZ,E0445
446,JESUS,NAVEDA,KURYLO,JESUS NAVEDA KURYLO,E0446
447,JOHANNA,ALL,ENEMARK,JOHANNA ALL ENEMARK,E0447
448,LUIS,ROBERTO_ISOLA,BRATTOLI,LUIS ROBERTO_ISOLA BRATTOLI,E0448
449,LEDA,EZEQUIEL_PASINI,GARRONE,LEDA EZEQUIEL_PASINI GARRONE,E0449
450,GONZALO,DANIEL_DERMAN,ALFONSO_LEVI,GONZALO DANIEL_DERMAN ALFONSO_LEVI,E0450
451,JOSE,CACCIAPUOTI,GARRIDO,JOSE CACCIAPUOTI GARRIDO,E0451
452,JOSE,CARMEN_GUARNASCHELLI,BALDERA,JOSE CARMEN_GUARNASCHELLI BALDERA,E0452
453,ERICA,SGOBBA,CARCAMO,ERICA SGOBBA CARCAMO,E0453
454,ZOI,MINOLDO,VALLEAU,ZOI MINOLDO VALLEAU,E0454
455,MARAH,DAMIAN_GERBER,MELISSA_CITWAR,MARAH DAMIAN_GERBER MELISSA_CITWAR,E0455
456,OSCAR,ROBERTO_TAPIA,BEATA_BRECCIA,OSCAR ROBERTO_TAPIA BEATA_BRECCIA,E0456
457,CHEIMA,ALFONSO_LEVI,CRISTIAN_ZAZZERINI,CHEIMA ALFONSO_LEVI CRISTIAN_ZAZZERINI,E0457
458,TOMAS,NEUMANN,CARLOS_SIRUR,TOMAS NEUMANN CARLOS_SIRUR,E0458
459,MARLEY,AGNIESZKA_COLAYAGO,AARON_AYET,MARLEY AGNIESZKA_COLAYAGO AARON_AYET,E0459
460,GLADYS,ROSA_CARRIZALES,ALEJANDRO_ALBURQUENQUE,GLADYS ROSA_CARRIZALES ALEJANDRO_ALBURQUENQUE,E0460
461,PELIGROS,FERRARO,ALEXANDRU_DI_LENA,PELIGROS FERRARO ALEXANDRU_DI_LENA,E0461
462,NOELIA,MONTIVERO,JESUS_JACOB,NOELIA MONTIVERO JESUS_JACOB,E0462
463,MARTIN,RAFAEL_GIACCOTTO,ESTHER_ESPEL,MARTIN RAFAEL_GIACCOTTO ESTHER_ESPEL,E0463
464,OUMAYMA,MARIA_MORATELLI,MERCEDES_GARELLA,OUMAYMA MARIA_MORATELLI MERCEDES_GARELLA,E0464
465,RENETA,BRANDONI,FABIAN_YABARE,RENETA BRANDONI FABIAN_YABARE,E0465
466,MALGORZATA,ANCA_BESSEL,ARISPE,MALGORZATA ANCA_BESSEL ARISPE,E0466
467,ALANO,INES_BELTRAMINI,ROLLER,ALANO INES_BELTRAMINI ROLLER,E0467
468,MARWANE,VASQUENZ,ARTURO_VILLAMIL,MARWANE VASQUENZ ARTURO_VILLAMIL,E0468
469,SYDNEY,JAWORSKY,MOISES_PAULETTI,SYDNEY JAWORSKY MOISES_PAULETTI,E0469
470,CHOUKRI,OVIDIU_GUILLERMO,PABLO_RICCHEZZE,CHOUKRI OVIDIU_GUILLERMO PABLO_RICCHEZZE,E0470
471,ISOLINA,ELENA_TRAPAGA,ERMOSILLA,ISOLINA ELENA_TRAPAGA ERMOSILLA,E0471
472,MARTA,JULIAN_LENART,ARBONES,MARTA JULIAN_LENART ARBONES,E0472
473,ANGELICO,WELESIK,AGUSTIN_DEALESSANDRIS,ANGELICO WELESIK AGUSTIN_DEALESSANDRIS,E0473
474,ANDREA,ALBERTO_BEHERAN,BOCK,ANDREA ALBERTO_BEHERAN BOCK,E0474
475,ANDREA,FERNANDO_JADUR,ALICIA_MERNIES,ANDREA FERNANDO_JADUR ALICIA_MERNIES,E0475
476,PEDRO,LAMINE_CASTELLANELLI,BENZEL,PEDRO LAMINE_CASTELLANELLI BENZEL,E0476
477,EDITA,AREVILLCA,PANNIA,EDITA AREVILLCA PANNIA,E0477
478,EIHAR,JOAQUINA_VIVALDO,OGANDO,EIHAR JOAQUINA_VIVALDO OGANDO,E0478
479,SARA,PAYSSE,ISRAEL_AVOGADRO,SARA PAYSSE ISRAEL_AVOGADRO,E0479
480,BLANCA,RAMON_LEALI,ESPERANZA_BARRESE,BLANCA RAMON_LEALI ESPERANZA_BARRESE,E0480
481,EMILIANO,LILLO,POUTON,EMILIANO LILLO POUTON,E0481
482,JUAN,ANGEL_CARRANZA,TRIPALDI,JUAN ANGEL_CARRANZA TRIPALDI,E0482
483,VICTOR,CANDELARIA_NAVAS,IGNACIO_PAIVA,VICTOR CANDELARIA_NAVAS IGNACIO_PAIVA,E0483
484,FRANCISCO,JUAN_SUÃÂ±E,CALLEJAS,FRANCISCO JUAN_SUÃÂ±E CALLEJAS,E0484
485,BLANCA,PERPETUO_REKOVSKI,CANDAS,BLANCA PERPETUO_REKOVSKI CANDAS,E0485
486,GREGORIO,HARAMBILLET,EMIL_GOROZ,GREGORIO HARAMBILLET EMIL_GOROZ,E0486
487,GUILLERMO,ANNE_POWER,ELIAS_DABUSTO,GUILLERMO ANNE_POWER ELIAS_DABUSTO,E0487
488,DAIARA,LESLIE_FRANCES,STORI,DAIARA LESLIE_FRANCES STORI,E0488
489,SAAID,VICTORIA_LASCH,MAESTRO,SAAID VICTORIA_LASCH MAESTRO,E0489
490,FANIA,ELORZA,ELENA_TRAPAGA,FANIA ELORZA ELENA_TRAPAGA,E0490
491,MEHDIA,DITURBIDE,RONCESVALLES_VITTOR,MEHDIA DITURBIDE RONCESVALLES_VITTOR,E0491
492,ISMAEL,BECCARIA,PILAR_DUTHIL,ISMAEL BECCARIA PILAR_DUTHIL,E0492
493,RITA,ANDREA_ALDALUR,BOTT,RITA ANDREA_ALDALUR BOTT,E0493
494,MARIA,ISRAEL_PALAVECINOS,ALFREDO_CHANTIRE,MARIA ISRAEL_PALAVECINOS ALFREDO_CHANTIRE,E0494
495,TIFFANY,SUCESO_SPELLBRINCK,ALEJANDRA_CUBIDO,TIFFANY SUCESO_SPELLBRINCK ALEJANDRA_CUBIDO,E0495
496,ANNA,DESAMPARADOS_TETTAMANTI,ROSA_CARRIZALES,ANNA DESAMPARADOS_TETTAMANTI ROSA_CARRIZALES,E0496
497,BOGUMILA,LARA,ROLLER,BOGUMILA LARA ROLLER,E0497
498,ROSARIO,ROSA_CARRIZALES,MARIA_MORATELLI,ROSARIO ROSA_CARRIZALES MARIA_MORATELLI,E0498
499,HAMOU,GUEGLIO,PETRINA,HAMOU GUEGLIO PETRINA,E0499
500,SAHIB,LEONOR_PETER,RAVEL,SAHIB LEONOR_PETER RAVEL,E0500
501,MARIA,NEUMANN,FLORINA_COSSIO,MARIA NEUMANN FLORINA_COSSIO,E0501
502,ZOHARTZE,VALERIA_MASSOR,RENATO_ESCANDON,ZOHARTZE VALERIA_MASSOR RENATO_ESCANDON,E0502
503,VICTOR,JOHN_VIÃÂ±ES,BECCARIA,VICTOR JOHN_VIÃÂ±ES BECCARIA,E0503
504,ELIECER,ARTURO_AZCURRA,KARINA_MAURIN,ELIECER ARTURO_AZCURRA KARINA_MAURIN,E0504
505,GRZEGORZ,ALFONSO_PRONCZUK,MARISA_BONNARDEL,GRZEGORZ ALFONSO_PRONCZUK MARISA_BONNARDEL,E0505
506,CRISTINA,PATRICK_SIEBEN,MABEL_BOHNHOFF,CRISTINA PATRICK_SIEBEN MABEL_BOHNHOFF,E0506
507,CARL,TOMAS_PUZIO,MERCEDES_GARELLA,CARL TOMAS_PUZIO MERCEDES_GARELLA,E0507
508,VELICHKO,COSTAGANNA,ISABEL_JACQUEZ,VELICHKO COSTAGANNA ISABEL_JACQUEZ,E0508
509,MONICA,ROLLER,MUSA,MONICA ROLLER MUSA,E0509
510,NICOLAS,ESCALERA,RAVEL,NICOLAS ESCALERA RAVEL,E0510
511,MICHAEL,DE_ANGELI,RUDOLF_BIDERA,MICHAEL DE_ANGELI RUDOLF_BIDERA,E0511
512,ARTURO,APPENDINO,NOEMI_ALIZZI,ARTURO APPENDINO NOEMI_ALIZZI,E0512
513,MARIA,GALVAN,AGUSTIN_DEALESSANDRIS,MARIA GALVAN AGUSTIN_DEALESSANDRIS,E0513
514,ANA,DITURBIDE,JOAQUINA_VIVALDO,ANA DITURBIDE JOAQUINA_VIVALDO,E0514
515,FERENC,PICHUMAN,ELENA_AMBROSI,FERENC PICHUMAN ELENA_AMBROSI,E0515
516,PETRA,ANTONIO_ABELLA,BASCHERA,PETRA ANTONIO_ABELLA BASCHERA,E0516
517,ANAMARIA,EMIL_GOROZ,ANGANUZZI,ANAMARIA EMIL_GOROZ ANGANUZZI,E0517
518,PATRICIA,MAZZERO,JULIAN_LENART,PATRICIA MAZZERO JULIAN_LENART,E0518
519,BASILI,EUGENIA_QUIRE,JOSEFA_NONINO,BASILI EUGENIA_QUIRE JOSEFA_NONINO,E0519
520,ROMINA,INMACULADA_HORISBERGER,NIEVES_GORAL,ROMINA INMACULADA_HORISBERGER NIEVES_GORAL,E0520
521,BERNARDITA,ISCASATI,RUFFA,BERNARDITA ISCASATI RUFFA,E0521
522,WAJID,ALBERTO_DAGRAVA,MERCEDES_VAAMONDE,WAJID ALBERTO_DAGRAVA MERCEDES_VAAMONDE,E0522
523,RICARDO,ARTURO_VILLAMIL,UMER_MILTOS,RICARDO ARTURO_VILLAMIL UMER_MILTOS,E0523
524,CARLOS,ALFONSO_LEVI,ANGANUZZI,CARLOS ALFONSO_LEVI ANGANUZZI,E0524
525,LICINIO,ELENA_TAKTAK,SCHEFFER,LICINIO ELENA_TAKTAK SCHEFFER,E0525
526,NAARA,FICI,GEORGETA_GUINTER,NAARA FICI GEORGETA_GUINTER,E0526
527,HAMOU,ANN_COSTILLA,KAROLINA_LOSCHI,HAMOU ANN_COSTILLA KAROLINA_LOSCHI,E0527
528,JAN,ASUNCION_INGLES,FERNANDO_JADUR,JAN ASUNCION_INGLES FERNANDO_JADUR,E0528
529,JORGE,GABRIELA_IBBA,SILVESTRE_HOFFMAN,JORGE GABRIELA_IBBA SILVESTRE_HOFFMAN,E0529
530,BLANCA,HENRIQUE_YAGUA,HORDH,BLANCA HENRIQUE_YAGUA HORDH,E0530
531,BRIAN,FRANCISCO_TARAPAYU,CONCEPCION_LLAMOCCA,BRIAN FRANCISCO_TARAPAYU CONCEPCION_LLAMOCCA,E0531
532,SAMANTHA,RAVEL,CUTRO,SAMANTHA RAVEL CUTRO,E0532
533,ROBERT,UJHELYI,ANUAR_RUGGERONI,ROBERT UJHELYI ANUAR_RUGGERONI,E0533
534,DIANA,GABRIEL_PALACIN,CARMEN_ELSTEIN,DIANA GABRIEL_PALACIN CARMEN_ELSTEIN,E0534
535,LANA,GEORGETA_GUINTER,MIHAI_IBIETA,LANA GEORGETA_GUINTER MIHAI_IBIETA,E0535
536,MAIXA,ALICIA_MERNIES,AGUSTINA_D'_AGUSTINI,MAIXA ALICIA_MERNIES AGUSTINA_D'_AGUSTINI,E0536
537,MOISES,ROSE_RICHARDSON,RAMONA_RICCIERI,MOISES ROSE_RICHARDSON RAMONA_RICCIERI,E0537
538,MARIA,ZIARZOLO,ROSA_CARRIZALES,MARIA ZIARZOLO ROSA_CARRIZALES,E0538
539,IVONNE,OLESNIEVICZ,MARIA_BUDIÃÂ±O,IVONNE OLESNIEVICZ MARIA_BUDIÃÂ±O,E0539
540,MICHELLE,SERGIO_COMINI,FELIPE_REINOZO,MICHELLE SERGIO_COMINI FELIPE_REINOZO,E0540
541,ELENA,GLAS,VELASQUEZ,ELENA GLAS VELASQUEZ,E0541
542,TERESA,DALILA_ALLEQ,PANNIA,TERESA DALILA_ALLEQ PANNIA,E0542
543,MARIA,PUSANZINI,SGOBBA,MARIA PUSANZINI SGOBBA,E0543
544,ESTEBAN,SEBASTIAN_DI_CICCA,ANGANUZZI,ESTEBAN SEBASTIAN_DI_CICCA ANGANUZZI,E0544
545,HAFEEZ,FERNANDA_LEÃÂ±ERO,ANUAR_RUGGERONI,HAFEEZ FERNANDA_LEÃÂ±ERO ANUAR_RUGGERONI,E0545
546,HORACIO,DANIEL_BATALLAN,BELLI,HORACIO DANIEL_BATALLAN BELLI,E0546
547,JORGE,ELIZABETH_MOSCHINO,BADRIOTTI,JORGE ELIZABETH_MOSCHINO BADRIOTTI,E0547
548,LILIA,BRANDAN,CRUCES_RUDAKOF,LILIA BRANDAN CRUCES_RUDAKOF,E0548
549,FANIA,MERCEDES_VAAMONDE,TEJADA,FANIA MERCEDES_VAAMONDE TEJADA,E0549
550,JOSE,FABIAN_BRUSAFERRI,JUANES,JOSE FABIAN_BRUSAFERRI JUANES,E0550
551,ELIZABETH,COPPEDE,MANUEL_BELMONTE,ELIZABETH COPPEDE MANUEL_BELMONTE,E0551
552,FLORIN,ANDREI_VENDEMMIA,PATXI_CUTRIN,FLORIN ANDREI_VENDEMMIA PATXI_CUTRIN,E0552
553,VICENTE,AUSENCIA_GUARNOCHEA,SANTIAGO_NANIA,VICENTE AUSENCIA_GUARNOCHEA SANTIAGO_NANIA,E0553
554,EDISON,MARIA_WEIGANDT,AGUSTINA_D'_AGUSTINI,EDISON MARIA_WEIGANDT AGUSTINA_D'_AGUSTINI,E0554
555,CLAUDIA,OMAIRA_FABBRINI,ELIZABETH_MILER,CLAUDIA OMAIRA_FABBRINI ELIZABETH_MILER,E0555
556,MIHAELA,MALVELEN,CONSTANTINO_TALAMONA,MIHAELA MALVELEN CONSTANTINO_TALAMONA,E0556
557,XIAN,RAMONA_AVINCETTA,NIEVES_PAVIN,XIAN RAMONA_AVINCETTA NIEVES_PAVIN,E0557
558,MARTIN,BOURNISSENT,EL_AMIN_CAPOSSIO,MARTIN BOURNISSENT EL_AMIN_CAPOSSIO,E0558
559,SERGIO,LISBETH_VAN,CARMEN_FLOOD,SERGIO LISBETH_VAN CARMEN_FLOOD,E0559
560,TAYSIR,FATIMA_CARNIELLI,LLORIAN,TAYSIR FATIMA_CARNIELLI LLORIAN,E0560
561,SEAN,ANDREA_GUEREDIAGA,LUZ_CHOQUETARQUI,SEAN ANDREA_GUEREDIAGA LUZ_CHOQUETARQUI,E0561
562,CARLOS,ALEJANDRA_DEALECIO,VICENT_MORFINI,CARLOS ALEJANDRA_DEALECIO VICENT_MORFINI,E0562
563,KHADIR,CARMEN_GUARNASCHELLI,INMACULADA_QUISPEALAYA,KHADIR CARMEN_GUARNASCHELLI INMACULADA_QUISPEALAYA,E0563
564,HASEEB,DANIEL_SANDINI,ESPERANZA_BARRESE,HASEEB DANIEL_SANDINI ESPERANZA_BARRESE,E0564
565,CHRISTINE,PISETTA,MUÃÂ±OS,CHRISTINE PISETTA MUÃÂ±OS,E0565
566,ISAK,CHRISTOPHER_JACOMY,OVIDIU_GUILLERMO,ISAK CHRISTOPHER_JACOMY OVIDIU_GUILLERMO,E0566
567,ARABEL,SGARLATTA,HECTOR_CACEDA,ARABEL SGARLATTA HECTOR_CACEDA,E0567
568,GAUDENCIO,ROBERTO_MANZILLA,GUSTAVO_BAZAR,GAUDENCIO ROBERTO_MANZILLA GUSTAVO_BAZAR,E0568
569,DANNY,CRUZ_ARTESE,GALVAN,DANNY CRUZ_ARTESE GALVAN,E0569
570,CAROLINE,RECLOUX,FRANCISCO_GRACIARENA,CAROLINE RECLOUX FRANCISCO_GRACIARENA,E0570
571,LICET,PADELLETTI,ISCASATI,LICET PADELLETTI ISCASATI,E0571
572,JULIO,PERPETUA_PINELLA,LANARI,JULIO PERPETUA_PINELLA LANARI,E0572
573,ANDRES,RONCESVALLES_VITTOR,RAVEL,ANDRES RONCESVALLES_VITTOR RAVEL,E0573
574,JESUS,MABEL_BOHNHOFF,GMELNIZKY,JESUS MABEL_BOHNHOFF GMELNIZKY,E0574
575,ANDREA,ELIZABETH_MOSCHINO,EICHLER,ANDREA ELIZABETH_MOSCHINO EICHLER,E0575
576,JUAN,ELIAS_RICALDE,ESCUBILLA,JUAN ELIAS_RICALDE ESCUBILLA,E0576
577,OSCAR,CUTRO,SANTIAGO_NANIA,OSCAR CUTRO SANTIAGO_NANIA,E0577
578,CARLOS,ANGELES_PIZARRO,CIANCIO,CARLOS ANGELES_PIZARRO CIANCIO,E0578
579,JOSE,VICTOR_KALENCHUK,CRISTIAN_TUMINO,JOSE VICTOR_KALENCHUK CRISTIAN_TUMINO,E0579
580,ADRIANA,TEMNIK,SOTO,ADRIANA TEMNIK SOTO,E0580
581,JORGE,VEGLIA,LILLO,JORGE VEGLIA LILLO,E0581
582,LEONARDO,LEON_MOFFO,NOEMI_SABINO,LEONARDO LEON_MOFFO NOEMI_SABINO,E0582
583,SHANTI,MARINO_PORTANERI,MARAVIGLIA,SHANTI MARINO_PORTANERI MARAVIGLIA,E0583
584,JULIO,FOLE,ELENA_USHPIK,JULIO FOLE ELENA_USHPIK,E0584
585,JORGE,GRIMANESA_LANDOLT,LUNA,JORGE GRIMANESA_LANDOLT LUNA,E0585
586,JORGE,CRISTAUDO,INMACULADA_QUISPEALAYA,JORGE CRISTAUDO INMACULADA_QUISPEALAYA,E0586
587,ANDREA,DACCI,ELISEO_URUEÃÂ±A,ANDREA DACCI ELISEO_URUEÃÂ±A,E0587
588,XAVIER,RAQUEL_MILONI,JUDITH_DILJE,XAVIER RAQUEL_MILONI JUDITH_DILJE,E0588
589,DIANA,JULIANA_GAMBA,CESAR_MAGALDI,DIANA JULIANA_GAMBA CESAR_MAGALDI,E0589
590,LOUISE,PILAR_CHIRINOS,ERMOSILLA,LOUISE PILAR_CHIRINOS ERMOSILLA,E0590
591,CAROLINA,SEBASTIAN_JULIAN,ANGELES_ALOTAIBI,CAROLINA SEBASTIAN_JULIAN ANGELES_ALOTAIBI,E0591
592,BERNARDITA,CARMEN_ZALASAR,EDUARDO_HINRICHSEN,BERNARDITA CARMEN_ZALASAR EDUARDO_HINRICHSEN,E0592
593,EMILIO,ADELA_MARCOVICH,PUCHO,EMILIO ADELA_MARCOVICH PUCHO,E0593
594,JOSE,INSAURRALDE,CHIARDOLA,JOSE INSAURRALDE CHIARDOLA,E0594
595,RENATE,ALMAGRO,PATRICIO_GUL,RENATE ALMAGRO PATRICIO_GUL,E0595
596,ELIER,JOSE_PANTIGA,BRATTOLI,ELIER JOSE_PANTIGA BRATTOLI,E0596
597,BLANCA,CRUCES_RUDAKOF,JOAQUIN_CORIMAYO,BLANCA CRUCES_RUDAKOF JOAQUIN_CORIMAYO,E0597
598,LUIGIA,ARTURO_AZCURRA,CONFORTTI,LUIGIA ARTURO_AZCURRA CONFORTTI,E0598
599,REBECA,ROSA_LUBIAN,VICTORIA_ARUZ,REBECA ROSA_LUBIAN VICTORIA_ARUZ,E0599
600,ISMAEL,DANIELUK,JAIME_MOCINICH,ISMAEL DANIELUK JAIME_MOCINICH,E0600
601,SAMBOU,LUZ_RASELLI,ESPONA,SAMBOU LUZ_RASELLI ESPONA,E0601
602,AURORA,DANIELUK,YÃÂ±IGO,AURORA DANIELUK YÃÂ±IGO,E0602
603,THOR,CHINI,FELIX_SANTANA,THOR CHINI FELIX_SANTANA,E0603
604,SAAID,INES_BELTRAMINI,PATRICIA_ESTRADE,SAAID INES_BELTRAMINI PATRICIA_ESTRADE,E0604
605,ROXANA,CATALINA_ZORZON,D'_ARRIGO,ROXANA CATALINA_ZORZON D'_ARRIGO,E0605
606,ALEX,MATTOS,YANIRA_BERLUSCONI,ALEX MATTOS YANIRA_BERLUSCONI,E0606
607,SVETLANA,ALBA_ELSTNER,JANE_DISTANZA,SVETLANA ALBA_ELSTNER JANE_DISTANZA,E0607
608,DANIEL,ANTONIO_CASCALLARES,MICHAEL_TESTORELLI,DANIEL ANTONIO_CASCALLARES MICHAEL_TESTORELLI,E0608
609,ANDRES,HARASEMCHUK,EMILIO_AGAMENONE,ANDRES HARASEMCHUK EMILIO_AGAMENONE,E0609
610,SYDNEY,PERPETUO_REKOVSKI,AREVILLCA,SYDNEY PERPETUO_REKOVSKI AREVILLCA,E0610
611,GAUDENCIO,MILAGROS_CIANCIA,JMULLEK,GAUDENCIO MILAGROS_CIANCIA JMULLEK,E0611
612,ANA,MARIA_ANDARI,MARIA_GUILLAZA,ANA MARIA_ANDARI MARIA_GUILLAZA,E0612
613,LANA,ESPERANZA_ELIZALDE,BLANCA_LEFIMAN,LANA ESPERANZA_ELIZALDE BLANCA_LEFIMAN,E0613
614,CARLOS,IGNACIO_HEP,GEORGE_HEDIGER,CARLOS IGNACIO_HEP GEORGE_HEDIGER,E0614
615,LEANDRA,NOELIA_ECHAIDE,ELIAS_TRAFIAN,LEANDRA NOELIA_ECHAIDE ELIAS_TRAFIAN,E0615
616,MARIVEL,FRANKLIN_REITTER,VIRGINIA_HUECHAN,MARIVEL FRANKLIN_REITTER VIRGINIA_HUECHAN,E0616
617,VIOLETA,ELOLA,GUSTAVO_BAZAR,VIOLETA ELOLA GUSTAVO_BAZAR,E0617
618,EDITA,ROLLER,HORDH,EDITA ROLLER HORDH,E0618
619,JESICA,PABLO_CARNICERO,MATTOS,JESICA PABLO_CARNICERO MATTOS,E0619
620,SERGIO,ANNA_SARDO,CARMEN_FLOOD,SERGIO ANNA_SARDO CARMEN_FLOOD,E0620
621,SINFOROSO,ALEXANDRU_MAYDANA,FRANK_DELL'ACQUA,SINFOROSO ALEXANDRU_MAYDANA FRANK_DELL'ACQUA,E0621
622,COSTIN,TOMAS_RUBIO,SACCONI,COSTIN TOMAS_RUBIO SACCONI,E0622
623,PATRICIA,GAGNO,MARGARET_YACANTO,PATRICIA GAGNO MARGARET_YACANTO,E0623
624,LUBA,TEMNIK,ALBERTO_ORTUÃÂ±O,LUBA TEMNIK ALBERTO_ORTUÃÂ±O,E0624
625,ANGELINO,FRANCESC_KAMANN,OMAR_SUNIAGA,ANGELINO FRANCESC_KAMANN OMAR_SUNIAGA,E0625
626,MARIO,EWERLING,FRANCISCO_COSCIO,MARIO EWERLING FRANCISCO_COSCIO,E0626
627,JOSUE,NOEMI_ALIZZI,LILLO,JOSUE NOEMI_ALIZZI LILLO,E0627
628,RITA,JOAQUIN_CORIMAYO,MENDIVERRY,RITA JOAQUIN_CORIMAYO MENDIVERRY,E0628
629,JOSE,ALICIA_CONTESSI,ROBERTO_BOIX,JOSE ALICIA_CONTESSI ROBERTO_BOIX,E0629
630,IORITZ,ELENA_TAKTAK,ALFONSO_ARRIZAGA,IORITZ ELENA_TAKTAK ALFONSO_ARRIZAGA,E0630
631,BERNARDITA,MOLINERO,NOEMI_ALIZZI,BERNARDITA MOLINERO NOEMI_ALIZZI,E0631
632,CORONACION,CONCEPCION_QUINTO,APPENDINO,CORONACION CONCEPCION_QUINTO APPENDINO,E0632
633,MICHAEL,JESUS_SUARES,SANTIAGO_NANIA,MICHAEL JESUS_SUARES SANTIAGO_NANIA,E0633
634,ALEJANDRA,VALLE_DISTEL,MASSO,ALEJANDRA VALLE_DISTEL MASSO,E0634
635,XAVIER,HERNAN_HORNYAK,HELENA_GIOVANNETTI,XAVIER HERNAN_HORNYAK HELENA_GIOVANNETTI,E0635
636,DUARTE,LORENZO_ANTONELLO,FELIPE_REINOZO,DUARTE LORENZO_ANTONELLO FELIPE_REINOZO,E0636
637,ANGEL,ALCALDE,EMILIO_REMEZZANO,ANGEL ALCALDE EMILIO_REMEZZANO,E0637
638,JOSE,FLORINA_COSSIO,ALEJANDRO_DONADEL,JOSE FLORINA_COSSIO ALEJANDRO_DONADEL,E0638
639,CRISTINA,LISBETH_VAN,ELIAS_TRAFIAN,CRISTINA LISBETH_VAN ELIAS_TRAFIAN,E0639
640,MARIO,IGNACIO_TORREJON,JAUME,MARIO IGNACIO_TORREJON JAUME,E0640
641,PEDRO,LUIS_BURGA,POLZICOFF,PEDRO LUIS_BURGA POLZICOFF,E0641
642,LINE,CLAUDIO_CAMPILLO,RUFFA,LINE CLAUDIO_CAMPILLO RUFFA,E0642
643,MOHAMED,ANGEL_MARCOS,ROBERTO_ZONI,MOHAMED ANGEL_MARCOS ROBERTO_ZONI,E0643
644,DIMITAR,NOELIA_ECHAIDE,POUTON,DIMITAR NOELIA_ECHAIDE POUTON,E0644
645,EFREN,ANGELA_MARINSALDA,ISABEL_JACQUEZ,EFREN ANGELA_MARINSALDA ISABEL_JACQUEZ,E0645
646,MARCELLA,KOTAS,CHINI,MARCELLA KOTAS CHINI,E0646
647,LUISA,POUTON,COSMIN_STUPAK,LUISA POUTON COSMIN_STUPAK,E0647
648,ARTURO,LISBETH_VAN,OLGA_SCHWANKE,ARTURO LISBETH_VAN OLGA_SCHWANKE,E0648
649,CELSO,XAVIER_BERTONE,LEONOR_PETER,CELSO XAVIER_BERTONE LEONOR_PETER,E0649
650,NAJIM,CONCEPCION_QUINTO,NIEVES_OLAZAGOITIA,NAJIM CONCEPCION_QUINTO NIEVES_OLAZAGOITIA,E0650
651,MIHAIL,MARCOS_MONICA,PUCHO,MIHAIL MARCOS_MONICA PUCHO,E0651
652,LUCIANO,LUCIA_CASAMASSIMA,RACZKO,LUCIANO LUCIA_CASAMASSIMA RACZKO,E0652
653,ROBERTO,MAZZOTTI,TOMAS_RUBIO,ROBERTO MAZZOTTI TOMAS_RUBIO,E0653
654,RENETA,MARTELO,MERCEDES_ROBIANO,RENETA MARTELO MERCEDES_ROBIANO,E0654
655,OUARDIA,ALFONSO_PRONCZUK,GEORGE_CHILAVER,OUARDIA ALFONSO_PRONCZUK GEORGE_CHILAVER,E0655
656,REMEDIOS,PATRICK_SIEBEN,VICTORIA_LASCH,REMEDIOS PATRICK_SIEBEN VICTORIA_LASCH,E0656
657,ARABEL,MANUEL_GOBIA,CANESINI,ARABEL MANUEL_GOBIA CANESINI,E0657
658,ELZBIETA,LAURENS,CRISTINA_BIALOLENKIER,ELZBIETA LAURENS CRISTINA_BIALOLENKIER,E0658
659,HECTOR,JAUME,ANDREA_POVEDA,HECTOR JAUME ANDREA_POVEDA,E0659
660,BLANCA,BONATO,ROLLER,BLANCA BONATO ROLLER,E0660
661,TERESA,CELESTE_LAVIRGEN,MARIA_WEIGANDT,TERESA CELESTE_LAVIRGEN MARIA_WEIGANDT,E0661
662,TERESA,OYARBURU,CARLOS_BALANOWSKY,TERESA OYARBURU CARLOS_BALANOWSKY,E0662
663,ELADIO,ESPAÃÂ±OL,PALOMA_TORLETTO,ELADIO ESPAÃÂ±OL PALOMA_TORLETTO,E0663
664,DILENIA,ALEJANDRO_DONADEL,MARIA_DE_DOMINGO,DILENIA ALEJANDRO_DONADEL MARIA_DE_DOMINGO,E0664
665,JAUME,CARMEN_ZALASAR,CLEMENTE_CUBILLOS,JAUME CARMEN_ZALASAR CLEMENTE_CUBILLOS,E0665
666,EL,ROSA_VILLELA,SUCESO_SPELLBRINCK,EL ROSA_VILLELA SUCESO_SPELLBRINCK,E0666
667,SONIA,CANTONI,MALVELEN,SONIA CANTONI MALVELEN,E0667
668,VELICHKO,SUSANA_BERRETTA,MANRIQUE_ESTREMERO,VELICHKO SUSANA_BERRETTA MANRIQUE_ESTREMERO,E0668
669,MARIA,ELZBIETA_GÃÂ¼NTER,CLAUDIA_CASADEI,MARIA ELZBIETA_GÃÂ¼NTER CLAUDIA_CASADEI,E0669
670,ESMERALDA,LUCIA_RUEDI,DAMIAN_EKERDT,ESMERALDA LUCIA_RUEDI DAMIAN_EKERDT,E0670
671,MONICA,BORJES,POLZICOFF,MONICA BORJES POLZICOFF,E0671
672,PEDRO,LLORIAN,RODUEN,PEDRO LLORIAN RODUEN,E0672
673,GHEORGHE,GALATI,DESAMPARADOS_TETTAMANTI,GHEORGHE GALATI DESAMPARADOS_TETTAMANTI,E0673
674,AICHATOU,MARGARITA_IRAOLA,KARINA_MAURIN,AICHATOU MARGARITA_IRAOLA KARINA_MAURIN,E0674
675,TRINIDAD,ANTHONY_YENEQUINI,VICENTA_BARONDO,TRINIDAD ANTHONY_YENEQUINI VICENTA_BARONDO,E0675
676,ANNA,GRIEVE,TONELLI,ANNA GRIEVE TONELLI,E0676
677,VELKO,PABLO_ALMEIDA,HERNAN_HORNYAK,VELKO PABLO_ALMEIDA HERNAN_HORNYAK,E0677
678,ALEXANDRU,ALICIA_PERMONI,IGNACIO_TORREJON,ALEXANDRU ALICIA_PERMONI IGNACIO_TORREJON,E0678
679,ALEXANDRU,CASTELLI,ANGELA_MARINSALDA,ALEXANDRU CASTELLI ANGELA_MARINSALDA,E0679
680,RAQUEL,ROBERTO_ZONI,SOLEDAD_DE_MIRANDA,RAQUEL ROBERTO_ZONI SOLEDAD_DE_MIRANDA,E0680
681,MARWANE,JOSE_PANTIGA,REYES_CHAKNIS,MARWANE JOSE_PANTIGA REYES_CHAKNIS,E0681
682,RAMONA,ANN_COSTILLA,JMULLEK,RAMONA ANN_COSTILLA JMULLEK,E0682
683,EZEQUIEL,SUSANA_JALY,MARCOS_MONICA,EZEQUIEL SUSANA_JALY MARCOS_MONICA,E0683
684,LUBA,ARTURO_VILLAMIL,MAURICIO_BERTERO,LUBA ARTURO_VILLAMIL MAURICIO_BERTERO,E0684
685,MICHAEL,CHIARDOLA,VICTORIA_BALUCZYNSKY,MICHAEL CHIARDOLA VICTORIA_BALUCZYNSKY,E0685
686,ELODY,RUBEN_ASCARZA,RODARO,ELODY RUBEN_ASCARZA RODARO,E0686
687,PABLO,JESUS_PICCOLI,SORIN_GIORDANINO,PABLO JESUS_PICCOLI SORIN_GIORDANINO,E0687
688,RQIA,CATALINA_CAPPELLINO,ALFONSO_ARRIZAGA,RQIA CATALINA_CAPPELLINO ALFONSO_ARRIZAGA,E0688
689,AARON,INES_BELTRAMINI,JOAN_DAVE,AARON INES_BELTRAMINI JOAN_DAVE,E0689
690,ANDREEA,ELENA_TRAPAGA,UMIRI,ANDREEA ELENA_TRAPAGA UMIRI,E0690
691,MARIA,ELIZABETH_DEL_OTERO,RUBIELA_LAURETTA,MARIA ELIZABETH_DEL_OTERO RUBIELA_LAURETTA,E0691
692,LUCIANO,LUCIA_TERAN,JOHANNA_CERNADAS,LUCIANO LUCIA_TERAN JOHANNA_CERNADAS,E0692
693,ANDRO,CARTURAN,CORDOBA,ANDRO CARTURAN CORDOBA,E0693
694,ALBORADA,CONSTANTIN_SALA,TONEATTI,ALBORADA CONSTANTIN_SALA TONEATTI,E0694
695,TERESA,MARAVIGLIA,SOSA,TERESA MARAVIGLIA SOSA,E0695
696,ESTEBAN,BRATTOLI,CARNA,ESTEBAN BRATTOLI CARNA,E0696
697,SARA,MORENA,SACCONI,SARA MORENA SACCONI,E0697
698,TOMEU,UMIRI,OSVALDO_PITT,TOMEU UMIRI OSVALDO_PITT,E0698
699,FAUSTINO,SACCONI,DENISSE_BELENDER,FAUSTINO SACCONI DENISSE_BELENDER,E0699
700,EL,MARIA_GUILLAZA,ARECO,EL MARIA_GUILLAZA ARECO,E0700
701,LUCIA,PATRICIA_ESTRADE,ANGELICA_LEE,LUCIA PATRICIA_ESTRADE ANGELICA_LEE,E0701
702,ALEXANDRU,CHRISTOPHER_JACOMY,CESAR_MAGALDI,ALEXANDRU CHRISTOPHER_JACOMY CESAR_MAGALDI,E0702
703,CARLOS,CROSSA,RAFAEL_GIACCOTTO,CARLOS CROSSA RAFAEL_GIACCOTTO,E0703
704,PEDRO,TOMASSINI,AINHOA_GUSANTE,PEDRO TOMASSINI AINHOA_GUSANTE,E0704
705,JENNY,WELESIK,ISRAEL_AVOGADRO,JENNY WELESIK ISRAEL_AVOGADRO,E0705
706,ROGELIO,ALBA_ALAGGIO,CROSSA,ROGELIO ALBA_ALAGGIO CROSSA,E0706
707,LUIGIA,MOURATIAN,PUCHO,LUIGIA MOURATIAN PUCHO,E0707
708,EDUARDO,ILLAH_GALIAN,MARIA_WEIGANDT,EDUARDO ILLAH_GALIAN MARIA_WEIGANDT,E0708
709,KAROL,ISMAEL_TRENTI,ADRIAN_RAFAEL,KAROL ISMAEL_TRENTI ADRIAN_RAFAEL,E0709
710,ANGEL,BEATRIZ_AZVALINSKY,ESQUIVO,ANGEL BEATRIZ_AZVALINSKY ESQUIVO,E0710
711,CHEIMA,SOLEDAD_DE_MIRANDA,ESTELA_INSAURRALDE,CHEIMA SOLEDAD_DE_MIRANDA ESTELA_INSAURRALDE,E0711
712,MIHAIL,EDUARDO_CARABAJAL,ROLLER,MIHAIL EDUARDO_CARABAJAL ROLLER,E0712
713,GUILLERMO,VAQUIE,IDALGO,GUILLERMO VAQUIE IDALGO,E0713
714,MARIA,GRIEVE,CALA,MARIA GRIEVE CALA,E0714
715,ALEKSANDRS,STORI,MARIANA_EREIRA,ALEKSANDRS STORI MARIANA_EREIRA,E0715
716,LINDA,FABIAN_BRUSAFERRI,GREGORIO_FORNO,LINDA FABIAN_BRUSAFERRI GREGORIO_FORNO,E0716
717,MONICA,ROCIO_BARTOLUCCI,GHEORGHE_SOFIAN,MONICA ROCIO_BARTOLUCCI GHEORGHE_SOFIAN,E0717
718,ANGELA,FELIPE_REINOZO,PAULA_PONTURO,ANGELA FELIPE_REINOZO PAULA_PONTURO,E0718
719,RUIXI,ALFONSO_ARRIZAGA,ANTONIO_DUSCOVICH,RUIXI ALFONSO_ARRIZAGA ANTONIO_DUSCOVICH,E0719
720,JESUS,ISABEL_ZADICOF,ENEMARK,JESUS ISABEL_ZADICOF ENEMARK,E0720
721,NIKOLAY,NOEMI_ANTIÃÂ±IR,ENRIQUE_AVILES,NIKOLAY NOEMI_ANTIÃÂ±IR ENRIQUE_AVILES,E0721
722,MARIA,ANNE_POWER,ASUNCION_INGLES,MARIA ANNE_POWER ASUNCION_INGLES,E0722
723,FELIX,GREGORIO_OJEDA,MARIA_BUJMAN,FELIX GREGORIO_OJEDA MARIA_BUJMAN,E0723
724,GUADALUPE,PINO_PELAGAGGI,SEBASTIAN_DI_CICCA,GUADALUPE PINO_PELAGAGGI SEBASTIAN_DI_CICCA,E0724
725,DAIARA,FRANCISCO_COSCIO,CARPINTERI,DAIARA FRANCISCO_COSCIO CARPINTERI,E0725
726,SERGIO,VALLE_DISTEL,ANTONIO_JORDAN,SERGIO VALLE_DISTEL ANTONIO_JORDAN,E0726
727,CLAUDIA,HELEN_MONDUELA,RAVACHINI,CLAUDIA HELEN_MONDUELA RAVACHINI,E0727
728,FRANCO,DAMIAN_EKERDT,BELEN_BACCHINI,FRANCO DAMIAN_EKERDT BELEN_BACCHINI,E0728
729,BLAS,FRANCISCO_GRACIARENA,MICHAEL_TESTORELLI,BLAS FRANCISCO_GRACIARENA MICHAEL_TESTORELLI,E0729
730,HEURA,GIUGGIOLINI,NOEMI_ANTIÃÂ±IR,HEURA GIUGGIOLINI NOEMI_ANTIÃÂ±IR,E0730
731,MARIA,GLAS,CLAUDIA_BRACAMONTE,MARIA GLAS CLAUDIA_BRACAMONTE,E0731
732,MIRIAM,SBORDELATI,ANNA_SARDO,MIRIAM SBORDELATI ANNA_SARDO,E0732
733,ALEXANDRU,DELORFANELLO,ARECO,ALEXANDRU DELORFANELLO ARECO,E0733
734,YUZHU,ALEXANDRA_AHANDUNI,INES_BELTRAMINI,YUZHU ALEXANDRA_AHANDUNI INES_BELTRAMINI,E0734
735,MIHAELA,CARLOS_SIRUR,CARLOS_BARAJA,MIHAELA CARLOS_SIRUR CARLOS_BARAJA,E0735
736,SORIN,GALVAN,FEDERICO_BUDIP,SORIN GALVAN FEDERICO_BUDIP,E0736
737,GLADYS,ALEJANDRO_DONADEL,ALEJANDRA_DELORENZO,GLADYS ALEJANDRO_DONADEL ALEJANDRA_DELORENZO,E0737
738,RAMIA,ELISABETH_AYDAR,BENZEL,RAMIA ELISABETH_AYDAR BENZEL,E0738
739,DANIEL,NEREA_MASCIALINO,ALFREDO_CHANTIRE,DANIEL NEREA_MASCIALINO ALFREDO_CHANTIRE,E0739
740,DIANA,SZEWCZUK,CUPERTINO,DIANA SZEWCZUK CUPERTINO,E0740
741,ANGELES,MICOL,TRAIAN_RUBIO,ANGELES MICOL TRAIAN_RUBIO,E0741
742,DORIS,BAREA,RODARO,DORIS BAREA RODARO,E0742
743,SAINZA,VALLE_DISTEL,DAVID_CASTIGLIONE,SAINZA VALLE_DISTEL DAVID_CASTIGLIONE,E0743
744,MALGORZATA,UL_MARZI,CAPITINI,MALGORZATA UL_MARZI CAPITINI,E0744
745,REMEDIOS,FRANCESC_KAMANN,CONCEPCION_LLAMOCCA,REMEDIOS FRANCESC_KAMANN CONCEPCION_LLAMOCCA,E0745
746,ZAIRA,ELIAS_DABUSTO,RAQUEL_MILONI,ZAIRA ELIAS_DABUSTO RAQUEL_MILONI,E0746
747,BANESA,ANUAR_RUGGERONI,AMADEO_HEISTERBORG,BANESA ANUAR_RUGGERONI AMADEO_HEISTERBORG,E0747
748,MIMUN,SCHEFFER,CUPERTINO,MIMUN SCHEFFER CUPERTINO,E0748
749,VEENA,CUTRO,BOTT,VEENA CUTRO BOTT,E0749
750,ANTONIO,PEDRO_OLIVAR,ANTONIA_BOLAÃÂ±EZ,ANTONIO PEDRO_OLIVAR ANTONIA_BOLAÃÂ±EZ,E0750
751,EDUARDO,UL_MARZI,JESUS_VANNI,EDUARDO UL_MARZI JESUS_VANNI,E0751
752,CRISTINA,MERCEDES_TORIANO,TARASCIO,CRISTINA MERCEDES_TORIANO TARASCIO,E0752
753,ERICA,MARINA_BUCHERT,MANZANETE,ERICA MARINA_BUCHERT MANZANETE,E0753
754,HENG,PASCIELLI,ANGELES_PIZARRO,HENG PASCIELLI ANGELES_PIZARRO,E0754
755,CHRISTINE,BADRIOTTI,STEFAN_KOSSOY,CHRISTINE BADRIOTTI STEFAN_KOSSOY,E0755
756,HANS,ANDREA_GUEREDIAGA,OLESNIEVICZ,HANS ANDREA_GUEREDIAGA OLESNIEVICZ,E0756
757,ENRIQUE,ESPERANZA_GIAMBRONE,CANDIDO_RIMAC,ENRIQUE ESPERANZA_GIAMBRONE CANDIDO_RIMAC,E0757
758,JOSE,ANTHONY_YENEQUINI,ENEMARK,JOSE ANTHONY_YENEQUINI ENEMARK,E0758
759,BAUTISTA,EDUVIGIS_GABUTTI,ELZBIETA_GÃÂ¼NTER,BAUTISTA EDUVIGIS_GABUTTI ELZBIETA_GÃÂ¼NTER,E0759
760,KATHERINE,MARIA_CHOQUEVILLCA,ROSA_VILLELA,KATHERINE MARIA_CHOQUEVILLCA ROSA_VILLELA,E0760
761,MELECIA,UMER_MILTOS,JOHANNA_CERNADAS,MELECIA UMER_MILTOS JOHANNA_CERNADAS,E0761
762,VETA,BORCHEIDT,OLESNIEVICZ,VETA BORCHEIDT OLESNIEVICZ,E0762
763,CARLA,GMELNIZKY,BEATRIZ_DIEZ,CARLA GMELNIZKY BEATRIZ_DIEZ,E0763
764,RICARDO,IBACACHE,LESLIE_FRANCES,RICARDO IBACACHE LESLIE_FRANCES,E0764
765,CE,JAVIER_BORDIS,ANIBAL_MENDALUK,CE JAVIER_BORDIS ANIBAL_MENDALUK,E0765
766,MARCO,BARDAL,MARIA_PUZIN,MARCO BARDAL MARIA_PUZIN,E0766
767,ELENA,RAQUEL_MILONI,AUDINO,ELENA RAQUEL_MILONI AUDINO,E0767
768,MARIVEL,BALDERA,YOLANDA_GUISAMBURU,MARIVEL BALDERA YOLANDA_GUISAMBURU,E0768
769,MONICA,ROBERTO_ZONI,PIERCE,MONICA ROBERTO_ZONI PIERCE,E0769
770,ELENA,ASIN,ANICETO_CHITAY,ELENA ASIN ANICETO_CHITAY,E0770
771,JOSE,LUIS_CAROPRESI,TARASCIO,JOSE LUIS_CAROPRESI TARASCIO,E0771
772,MARGARET,SANTIAGO_DIONISIO,PROVIDENCIA_BARRIONUEVO,MARGARET SANTIAGO_DIONISIO PROVIDENCIA_BARRIONUEVO,E0772
773,JORGE,RAMONA_AVINCETTA,BOYADJIAN,JORGE RAMONA_AVINCETTA BOYADJIAN,E0773
774,ANGELA,OMAIRA_FABBRINI,AMADUZZI,ANGELA OMAIRA_FABBRINI AMADUZZI,E0774
775,XOSE,JUDITH_DILJE,ROSARIO_PRADA,XOSE JUDITH_DILJE ROSARIO_PRADA,E0775
776,MARIO,MUSMANNO,MARISA_BONNARDEL,MARIO MUSMANNO MARISA_BONNARDEL,E0776
777,YAJIE,SERVIN,CASTIBLANCO,YAJIE SERVIN CASTIBLANCO,E0777
778,ANDREEA,GUNTHER_GRAVANO,ALEJANDRA_DELORENZO,ANDREEA GUNTHER_GRAVANO ALEJANDRA_DELORENZO,E0778
779,KAREN,CARLOS_BARAJA,LAMINE_CASTELLANELLI,KAREN CARLOS_BARAJA LAMINE_CASTELLANELLI,E0779
780,EMILIANO,PIOTR_BALARINI,ALIN_MADINIER,EMILIANO PIOTR_BALARINI ALIN_MADINIER,E0780
781,PEILI,MARIA_ANDARI,DE_LA_CHIESA,PEILI MARIA_ANDARI DE_LA_CHIESA,E0781
782,GABRIEL,HEGUY,SILVESTRE_HOFFMAN,GABRIEL HEGUY SILVESTRE_HOFFMAN,E0782
783,SHANTI,CONFORTTI,NAHUELQUIR,SHANTI CONFORTTI NAHUELQUIR,E0783
784,SAIQA,GMELNIZKY,JAVIER_STOFFEL,SAIQA GMELNIZKY JAVIER_STOFFEL,E0784
785,ELSA,EDUARDO_CARABAJAL,DOLORES_CASADEVALL,ELSA EDUARDO_CARABAJAL DOLORES_CASADEVALL,E0785
786,GEORGIANA,PATRICIA_HEIDEL,FLORENTINA_SCUTERI,GEORGIANA PATRICIA_HEIDEL FLORENTINA_SCUTERI,E0786
787,VICENTE,FABIAN_BRUSAFERRI,XAVIER_UBOLDI,VICENTE FABIAN_BRUSAFERRI XAVIER_UBOLDI,E0787
788,DIMITAR,ISRAEL_PALAVECINOS,SMIROLDO,DIMITAR ISRAEL_PALAVECINOS SMIROLDO,E0788
789,LITA,YOLANDA_GUISAMBURU,BLANCA_BARRETO,LITA YOLANDA_GUISAMBURU BLANCA_BARRETO,E0789
790,ARANZAZU,ARDOAIN,LINDA_ORMELLA,ARANZAZU ARDOAIN LINDA_ORMELLA,E0790
791,WILDER,ANNE_VILMAUX,PAYA,WILDER ANNE_VILMAUX PAYA,E0791
792,LUCIA,VISCOVICH,MERCEDES_PERIE,LUCIA VISCOVICH MERCEDES_PERIE,E0792
793,NARCISO,FILANGERI,EVELIA_GENESTAR,NARCISO FILANGERI EVELIA_GENESTAR,E0793
794,JOHANNA,MARTIN_RIANI,JOAQUIN_CORIMAYO,JOHANNA MARTIN_RIANI JOAQUIN_CORIMAYO,E0794
795,JOSE,BARSELLINI,SOTO,JOSE BARSELLINI SOTO,E0795
796,ANDREA,ANUAR_RUGGERONI,OBREGON,ANDREA ANUAR_RUGGERONI OBREGON,E0796
797,REMEDIOS,EMANUEL_SIBBALD,NOEMI_PICHIÃÂ±AN,REMEDIOS EMANUEL_SIBBALD NOEMI_PICHIÃÂ±AN,E0797
798,SANDRA,NAHUELQUIR,ASEVEDO,SANDRA NAHUELQUIR ASEVEDO,E0798
799,ARANZA,MANUEL_GOBIA,ANDREA_BELEJ,ARANZA MANUEL_GOBIA ANDREA_BELEJ,E0799
800,HAMED,KRZELJ,FATIMA_SIXTO,HAMED KRZELJ FATIMA_SIXTO,E0800
801,EL,BENITO_PIETKOWSKY,MAR_CARCERERI,EL BENITO_PIETKOWSKY MAR_CARCERERI,E0801
802,KAREN,ILLAH_GALIAN,AYMARA,KAREN ILLAH_GALIAN AYMARA,E0802
803,DIEGO,MATEO_GARRIDO,ESPERANZA_AGROFOLIO,DIEGO MATEO_GARRIDO ESPERANZA_AGROFOLIO,E0803
804,ANGELA,IGNACIO_CORDARA,NIEVES_OLAZAGOITIA,ANGELA IGNACIO_CORDARA NIEVES_OLAZAGOITIA,E0804
805,ANGIE,CARPINTERI,BONATO,ANGIE CARPINTERI BONATO,E0805
806,FRANCISCA,PATRICIO_GUL,ALEXANDRA_POPOVSKY,FRANCISCA PATRICIO_GUL ALEXANDRA_POPOVSKY,E0806
807,MITRA,CORVALAN,BORCHEIDT,MITRA CORVALAN BORCHEIDT,E0807
808,LUIS,LOHIDOY,MUSMANNO,LUIS LOHIDOY MUSMANNO,E0808
809,CARMEN,CARINA_PEREGO,CORNEJO,CARMEN CARINA_PEREGO CORNEJO,E0809
810,MARIA,CARLOS_NOVAK,ESPERANZA_PAPPALARDO,MARIA CARLOS_NOVAK ESPERANZA_PAPPALARDO,E0810
811,JON,RACZKO,COSTAGANNA,JON RACZKO COSTAGANNA,E0811
812,JOSE,RAMON_NAZAR,ANDREA_ALDALUR,JOSE RAMON_NAZAR ANDREA_ALDALUR,E0812
813,MICHAEL,RAMON_BARTOLOMEO,PILAR_OCAMPOS,MICHAEL RAMON_BARTOLOMEO PILAR_OCAMPOS,E0813
814,RITA,JOSE_FRANCESCANGELI,MERCEDES_TORIANO,RITA JOSE_FRANCESCANGELI MERCEDES_TORIANO,E0814
815,MANUEL,FATIMA_SIXTO,MAESTRO,MANUEL FATIMA_SIXTO MAESTRO,E0815
816,VAIVA,ANDREA_FONSECA,ELCIRA_VERGALITO,VAIVA ANDREA_FONSECA ELCIRA_VERGALITO,E0816
817,EGOITZ,DANIEL_DERMAN,MATTOS,EGOITZ DANIEL_DERMAN MATTOS,E0817
818,PAULA,RIVERA,GAGNO,PAULA RIVERA GAGNO,E0818
819,CARMEN,INGARAMO,PUSANZINI,CARMEN INGARAMO PUSANZINI,E0819
820,MARIA,DANIEL_SANDINI,GUSTAVO_BAZAR,MARIA DANIEL_SANDINI GUSTAVO_BAZAR,E0820
821,RAWDA,GHEORGHE_SOFIAN,MORENA,RAWDA GHEORGHE_SOFIAN MORENA,E0821
822,LAURENTIU,GAGNO,SGARLATTA,LAURENTIU GAGNO SGARLATTA,E0822
823,ANDRES,ANIBAL_MENDALUK,IDALGO,ANDRES ANIBAL_MENDALUK IDALGO,E0823
824,SERGIO,SERGIO_CHARVETTO,MAR_CARCERERI,SERGIO SERGIO_CHARVETTO MAR_CARCERERI,E0824
825,KARIN,LAVINIA_TABANERA,GUNTHER_GRAVANO,KARIN LAVINIA_TABANERA GUNTHER_GRAVANO,E0825
826,ISOLINA,NICASIO_RABENA,OLESNIEVICZ,ISOLINA NICASIO_RABENA OLESNIEVICZ,E0826
827,SATOU,SCHONING,ELIZABETH_DEL_OTERO,SATOU SCHONING ELIZABETH_DEL_OTERO,E0827
828,WILDER,BASCHERA,AGNIESZKA_COLAYAGO,WILDER BASCHERA AGNIESZKA_COLAYAGO,E0828
829,ISABEL,ESCALERA,MIHAELA_GIORELLO,ISABEL ESCALERA MIHAELA_GIORELLO,E0829
830,EL,MARC_DI_CHELLO,ADRIANA_ALACA,EL MARC_DI_CHELLO ADRIANA_ALACA,E0830
831,ALBORADA,LESLIE_FRANCES,TRINIDAD_GIRALDO,ALBORADA LESLIE_FRANCES TRINIDAD_GIRALDO,E0831
832,IVAN,CEFERINO_CAPUA,CHAMOULAO,IVAN CEFERINO_CAPUA CHAMOULAO,E0832
833,BRIAN,PUCHO,ROBERTO_CIUFFOLINI,BRIAN PUCHO ROBERTO_CIUFFOLINI,E0833
834,DALI,JAVIER_STOFFEL,ANGELA_MARINSALDA,DALI JAVIER_STOFFEL ANGELA_MARINSALDA,E0834
835,AURORA,CHAMOULAO,ORSINI,AURORA CHAMOULAO ORSINI,E0835
836,CHANGQING,SEBASTIAN_DI_CICCA,RENTANI,CHANGQING SEBASTIAN_DI_CICCA RENTANI,E0836
837,JAUME,ELZBIETA_GÃÂ¼NTER,FABRO,JAUME ELZBIETA_GÃÂ¼NTER FABRO,E0837
838,KAROL,INMACULADA_QUISPEALAYA,DANIELUK,KAROL INMACULADA_QUISPEALAYA DANIELUK,E0838
839,LELA,JULIETH_SAHAKIAN,IULIANA_HAMPEL,LELA JULIETH_SAHAKIAN IULIANA_HAMPEL,E0839
840,AARON,BORCHEIDT,IVAN_OKRUCINSKI,AARON BORCHEIDT IVAN_OKRUCINSKI,E0840
841,JESICA,ABRAHAM,CACCIAPUOTI,JESICA ABRAHAM CACCIAPUOTI,E0841
842,ALBERTO,CARIAGA,MABEL_PARRA,ALBERTO CARIAGA MABEL_PARRA,E0842
843,SIMRANJIT,CANTONI,SOTO,SIMRANJIT CANTONI SOTO,E0843
844,JAUME,GHAZI_MANZONE,AMADEO_HEISTERBORG,JAUME GHAZI_MANZONE AMADEO_HEISTERBORG,E0844
845,CONSUELO,JAVIER_BORDIS,LOIS_GARBERI,CONSUELO JAVIER_BORDIS LOIS_GARBERI,E0845
846,MICHAEL,EICHLER,MARIUS_RAIS,MICHAEL EICHLER MARIUS_RAIS,E0846
847,NICOLAS,REGINA_SALIS,ANGELICA_BERINGUER,NICOLAS REGINA_SALIS ANGELICA_BERINGUER,E0847
848,ERIKAS,CARLOS_BARAJA,ANA_BASMAD,ERIKAS CARLOS_BARAJA ANA_BASMAD,E0848
849,GAUDENCIO,MARIA_TURCONI,JUAN_GIAQUINDA,GAUDENCIO MARIA_TURCONI JUAN_GIAQUINDA,E0849
850,VAHID,ESPERANZA_ELIZALDE,ESPERANZA_BARRESE,VAHID ESPERANZA_ELIZALDE ESPERANZA_BARRESE,E0850
851,IVAN,CRUZ_ARTESE,JULIAN_LENART,IVAN CRUZ_ARTESE JULIAN_LENART,E0851
852,BELKIS,ANTONIETTA_FEDERICCI,ADOLFINA_PEROCHENA,BELKIS ANTONIETTA_FEDERICCI ADOLFINA_PEROCHENA,E0852
853,ANATOLIY,PAUL_RUDERMAN,MARIANO_PRPIC,ANATOLIY PAUL_RUDERMAN MARIANO_PRPIC,E0853
854,VICENTE,LARA,NICASIO_RABENA,VICENTE LARA NICASIO_RABENA,E0854
855,LILIAN,RAUL_POLKOSKI,PATRICIA_ESTRADE,LILIAN RAUL_POLKOSKI PATRICIA_ESTRADE,E0855
856,DUARTE,GUSTAVO_BAZAR,TOMASSINI,DUARTE GUSTAVO_BAZAR TOMASSINI,E0856
857,ELIZABETH,BOTT,MASLO,ELIZABETH BOTT MASLO,E0857
858,ROBERTO,CARLOS_GALARZE,PICHUMAN,ROBERTO CARLOS_GALARZE PICHUMAN,E0858
859,LUIS,OSVALDO_PITT,CRUCES_RUDAKOF,LUIS OSVALDO_PITT CRUCES_RUDAKOF,E0859
860,ANDREEA,NOTARIO,SAN_FRANCISCO,ANDREEA NOTARIO SAN_FRANCISCO,E0860
861,TINKA,GEORGE_HEDIGER,MARCIANA_SOTTOCORNO,TINKA GEORGE_HEDIGER MARCIANA_SOTTOCORNO,E0861
862,AURORA,SERVIN,AURORA_RUZA,AURORA SERVIN AURORA_RUZA,E0862
863,DISNEY,MERCEDES_ROBIANO,VICTORIA_MAQUERA,DISNEY MERCEDES_ROBIANO VICTORIA_MAQUERA,E0863
864,CARMEN,MARIA_TERESA_TUMMINELLI,GARRIDO,CARMEN MARIA_TERESA_TUMMINELLI GARRIDO,E0864
865,BRIAN,UMER_MILTOS,MARIANA_GALDEANO,BRIAN UMER_MILTOS MARIANA_GALDEANO,E0865
866,SYDNEY,WELESIK,ELIAS_RICALDE,SYDNEY WELESIK ELIAS_RICALDE,E0866
867,ANDRES,CEVEY,ANNE_VILMAUX,ANDRES CEVEY ANNE_VILMAUX,E0867
868,LUIS,HORTENSIA_MAGNO,STEFANOV_PIANEZZA,LUIS HORTENSIA_MAGNO STEFANOV_PIANEZZA,E0868
869,ARIEL,BERNABE_FURBATTO,LUIS_VICENTE_ACCIARRI,ARIEL BERNABE_FURBATTO LUIS_VICENTE_ACCIARRI,E0869
870,CAPITOLINA,BRATTOLI,ALEJANDRO_FORNER,CAPITOLINA BRATTOLI ALEJANDRO_FORNER,E0870
871,MUHAMMAD,PANNIA,NEIVA_SASSANO,MUHAMMAD PANNIA NEIVA_SASSANO,E0871
872,DAVID,SERGIO_CHARVETTO,MATURANO,DAVID SERGIO_CHARVETTO MATURANO,E0872
873,AGOSTINHO,MUSA,COMETTO,AGOSTINHO MUSA COMETTO,E0873
874,TOMAS,PILAR_DUTHIL,AINHOA_GUSANTE,TOMAS PILAR_DUTHIL AINHOA_GUSANTE,E0874
875,PAWEL,ANTONIO_MAROTIAS,GALATI,PAWEL ANTONIO_MAROTIAS GALATI,E0875
876,YARIXA,MARIANO_PRPIC,DACCI,YARIXA MARIANO_PRPIC DACCI,E0876
877,LINDA,IGNACIA_CORONEL,CONFORTTI,LINDA IGNACIA_CORONEL CONFORTTI,E0877
878,MELECIA,CANESINI,ISABEL_ZADICOF,MELECIA CANESINI ISABEL_ZADICOF,E0878
879,MOHAMED,GARRIDO,FENDYK,MOHAMED GARRIDO FENDYK,E0879
880,CRISTINA,MIKEL_CODEVILLA,RECLOUX,CRISTINA MIKEL_CODEVILLA RECLOUX,E0880
881,LUISE,MARTELO,ESTER_FREDDOLINO,LUISE MARTELO ESTER_FREDDOLINO,E0881
882,BLANCA,FRANCISCO_TOSI,BALDERA,BLANCA FRANCISCO_TOSI BALDERA,E0882
883,MARIA,INES_KINGSLAND,DIONISIO_KLALA,MARIA INES_KINGSLAND DIONISIO_KLALA,E0883
884,RICARDO,ALBERTO_BEHERAN,CUTRO,RICARDO ALBERTO_BEHERAN CUTRO,E0884
885,IVONNE,ANGELICA_LEE,MANRIQUE_ESTREMERO,IVONNE ANGELICA_LEE MANRIQUE_ESTREMERO,E0885
886,DOMINGO,JOSE_SOLANO,PUCHO,DOMINGO JOSE_SOLANO PUCHO,E0886
887,KEVIN,ANGELA_MARINSALDA,PATRICIA_DATTILO,KEVIN ANGELA_MARINSALDA PATRICIA_DATTILO,E0887
888,ANGELES,ANTONIO_DUSCOVICH,SANTIAGO_NANIA,ANGELES ANTONIO_DUSCOVICH SANTIAGO_NANIA,E0888
889,YEVGEN,EMILIO_ABERASTO,FABRO,YEVGEN EMILIO_ABERASTO FABRO,E0889
890,JOHANNA,JAVIER_LINO,ANTONIO_BUSTILLO,JOHANNA JAVIER_LINO ANTONIO_BUSTILLO,E0890
891,ROGELIO,CARMEN_SAUTIER,VICENTE_SAUZA,ROGELIO CARMEN_SAUTIER VICENTE_SAUZA,E0891
892,JULIO,PINO_PELAGAGGI,UMIRI,JULIO PINO_PELAGAGGI UMIRI,E0892
893,MATIAS,DE_ZAGGAYZ,ARESTIQUI,MATIAS DE_ZAGGAYZ ARESTIQUI,E0893
894,CRISTO,SUSANA_BERRETTA,ROSA_CARRIZALES,CRISTO SUSANA_BERRETTA ROSA_CARRIZALES,E0894
895,KWASI,BELARMINA_CARAVAGGIO,ESTER_FREDDOLINO,KWASI BELARMINA_CARAVAGGIO ESTER_FREDDOLINO,E0895
896,MIREN,BEOLA,ALEJANDRA_SOFRE,MIREN BEOLA ALEJANDRA_SOFRE,E0896
897,SATOU,CARIAGA,HELEN_MONDUELA,SATOU CARIAGA HELEN_MONDUELA,E0897
898,ELIECER,ESPERANZA_GIAMBRONE,ANNE_BIASOTTI,ELIECER ESPERANZA_GIAMBRONE ANNE_BIASOTTI,E0898
899,YAJIE,MARIANO_CAMPOS,JAVIER_STOFFEL,YAJIE MARIANO_CAMPOS JAVIER_STOFFEL,E0899
900,SILVIE,DOLORES_CASADEVALL,CEVEY,SILVIE DOLORES_CASADEVALL CEVEY,E0900
901,MARIA,COLIHUEQUE,ALEJANDRO_MATTHEI,MARIA COLIHUEQUE ALEJANDRO_MATTHEI,E0901
902,GEORGE,JUAN_SUÃÂ±E,FLORENTINA_SCUTERI,GEORGE JUAN_SUÃÂ±E FLORENTINA_SCUTERI,E0902
903,CRISTIAN,PIOTR_CHARLES,BARBERENA,CRISTIAN PIOTR_CHARLES BARBERENA,E0903
904,ABDELKHALIK,INES_RINOMO,MARIA_MARIÃÂ±ANCO,ABDELKHALIK INES_RINOMO MARIA_MARIÃÂ±ANCO,E0904
905,SHANTI,ALEXANDRA_POPOVSKY,MERCEDES_PIAN,SHANTI ALEXANDRA_POPOVSKY MERCEDES_PIAN,E0905
906,ANDREA,DE_VEGA,MARIA_PUZIN,ANDREA DE_VEGA MARIA_PUZIN,E0906
907,JOSE,RUFFA,FABIAN_YABARE,JOSE RUFFA FABIAN_YABARE,E0907
908,ANDREEA,ANNE_BOLOÃÂ±A,CARMEN_ZALASAR,ANDREEA ANNE_BOLOÃÂ±A CARMEN_ZALASAR,E0908
909,ROSSEMARY,VANESSA_CINELLI,ASEVEDO,ROSSEMARY VANESSA_CINELLI ASEVEDO,E0909
910,MARIA,ALEJANDRA_SOFRE,JESUS_ZAMPELUNGHE,MARIA ALEJANDRA_SOFRE JESUS_ZAMPELUNGHE,E0910
911,EDITA,MARIA_SALADINO,MARIA_BUJMAN,EDITA MARIA_SALADINO MARIA_BUJMAN,E0911
912,YINA,ROQUEL,SALGUEIRO,YINA ROQUEL SALGUEIRO,E0912
913,HECTOR,MONTIVERO,FLORENTINA_SCUTERI,HECTOR MONTIVERO FLORENTINA_SCUTERI,E0913
914,LANA,LUCIA_TERAN,OMAR_SUNIAGA,LANA LUCIA_TERAN OMAR_SUNIAGA,E0914
915,HAFEEZ,DITURBIDE,ERNESTO_CANISA,HAFEEZ DITURBIDE ERNESTO_CANISA,E0915
916,OLEKSANDRA,ADELA_PARMA,ANNE_VILMAUX,OLEKSANDRA ADELA_PARMA ANNE_VILMAUX,E0916
917,FRANCISCA,MARIA_GUILLAZA,VANESSA_CINELLI,FRANCISCA MARIA_GUILLAZA VANESSA_CINELLI,E0917
918,EIMI,JESUS_PENZ,MERCEDES_ROBIANO,EIMI JESUS_PENZ MERCEDES_ROBIANO,E0918
919,PAULO,PILAR_OCAMPOS,ALDEMAR_DESHAYES,PAULO PILAR_OCAMPOS ALDEMAR_DESHAYES,E0919
920,DEMOFILO,SBORDELATI,FICI,DEMOFILO SBORDELATI FICI,E0920
921,JOAQUIN,ELIAS_GALARZA,MELISSA_CITWAR,JOAQUIN ELIAS_GALARZA MELISSA_CITWAR,E0921
922,KEVIN,EMILIO_ABERASTO,RUBIELA_LAURETTA,KEVIN EMILIO_ABERASTO RUBIELA_LAURETTA,E0922
923,MARICARMEN,ELCIRA_VERGALITO,VALICENTI,MARICARMEN ELCIRA_VERGALITO VALICENTI,E0923
924,UMAYMA,IULIANA_VALIENTE,COPPEDE,UMAYMA IULIANA_VALIENTE COPPEDE,E0924
925,BASILI,MERCEDES_GARELLA,MARCOS_MONICA,BASILI MERCEDES_GARELLA MARCOS_MONICA,E0925
926,CARMEN,CARLOS_NOVAK,JOAN_DAVE,CARMEN CARLOS_NOVAK JOAN_DAVE,E0926
927,DILENIA,JAVIER_STOFFEL,KURYLO,DILENIA JAVIER_STOFFEL KURYLO,E0927
928,LIJUN,ELOLA,BENZEL,LIJUN ELOLA BENZEL,E0928
929,TOMAS,AGNIESZKA_COLAYAGO,AGUSTIN_PRATOLA,TOMAS AGNIESZKA_COLAYAGO AGUSTIN_PRATOLA,E0929
930,ELZBIETA,FERRARO,KRZELJ,ELZBIETA FERRARO KRZELJ,E0930
931,CARMEN,GEOVANNY_DOSSO,NEREA_MASCIALINO,CARMEN GEOVANNY_DOSSO NEREA_MASCIALINO,E0931
932,MARIA,CANIUQUEO,PANNIA,MARIA CANIUQUEO PANNIA,E0932
933,BALBINA,COSTAGANNA,MARIANA_GIBILISCO,BALBINA COSTAGANNA MARIANA_GIBILISCO,E0933
934,JANETA,SCRIFFIGNANI,VICTORIA_ARUZ,JANETA SCRIFFIGNANI VICTORIA_ARUZ,E0934
935,FATIMA,ADELA_PARMA,MARIA_TURCONI,FATIMA ADELA_PARMA MARIA_TURCONI,E0935
936,DAREJAN,ALCALDE,ELENA_DE_LUCCA,DAREJAN ALCALDE ELENA_DE_LUCCA,E0936
937,ISABEL,ALBERTO_ORTUÃÂ±O,IGNACIA_CORONEL,ISABEL ALBERTO_ORTUÃÂ±O IGNACIA_CORONEL,E0937
938,LUISE,FLOR_HONORES,ANTONIO_DEL_SIGNO,LUISE FLOR_HONORES ANTONIO_DEL_SIGNO,E0938
939,MONICA,MUSA,PADELLETTI,MONICA MUSA PADELLETTI,E0939
940,ALEKSANDRS,VICTORIA_BALUCZYNSKY,CANESINI,ALEKSANDRS VICTORIA_BALUCZYNSKY CANESINI,E0940
941,JOHANNA,BENITO_PIETKOWSKY,JAVIER_BOSCHMAN,JOHANNA BENITO_PIETKOWSKY JAVIER_BOSCHMAN,E0941
942,INES,GIORGETTI,LEONOR_PETER,INES GIORGETTI LEONOR_PETER,E0942
943,JENNY,CLAUDIO_CAMPILLO,ABECASIS,JENNY CLAUDIO_CAMPILLO ABECASIS,E0943
944,DEMOFILO,SZEWCZUK,PATRICK_SIEBEN,DEMOFILO SZEWCZUK PATRICK_SIEBEN,E0944
945,ROBERTO,SOSA,VIDAURRAZAGA,ROBERTO SOSA VIDAURRAZAGA,E0945
946,ABDESSALEM,ESPAÃÂ±OL,LOGULLO,ABDESSALEM ESPAÃÂ±OL LOGULLO,E0946
947,BAYANE,LUCIA_COLTRINARI,JESUS_PENZ,BAYANE LUCIA_COLTRINARI JESUS_PENZ,E0947
948,ISABEL,MARIANA_GALDEANO,JOSE_LEFCOVICH,ISABEL MARIANA_GALDEANO JOSE_LEFCOVICH,E0948
949,KATERINE,LOURDES_AMPOSTA,VICENT_MORFINI,KATERINE LOURDES_AMPOSTA VICENT_MORFINI,E0949
950,LINO,MARIA_REYNAGA,EMILIA_PERROTTI,LINO MARIA_REYNAGA EMILIA_PERROTTI,E0950
951,ELISABET,MANEL_FRANCHI,RAFAEL_ECHEVERRIA,ELISABET MANEL_FRANCHI RAFAEL_ECHEVERRIA,E0951
952,ANNA,LUCIA_COLTRINARI,MORRON,ANNA LUCIA_COLTRINARI MORRON,E0952
953,MARY,CANTONI,DANIEL_SANDINI,MARY CANTONI DANIEL_SANDINI,E0953
954,CRISTINA,LOSA,TOMAS_PUZIO,CRISTINA LOSA TOMAS_PUZIO,E0954
955,XOSE,VICTORIA_MAQUERA,RAQUEL_MILONI,XOSE VICTORIA_MAQUERA RAQUEL_MILONI,E0955
956,SERGIO,VICTOR_KALENCHUK,GEORGETA_GUINTER,SERGIO VICTOR_KALENCHUK GEORGETA_GUINTER,E0956
957,SIMONA,DEMARTINI,JACINTO_WEIMBERG,SIMONA DEMARTINI JACINTO_WEIMBERG,E0957
958,MIGUEL,ARESTIQUI,RUBEN_MALDOCENA,MIGUEL ARESTIQUI RUBEN_MALDOCENA,E0958
959,CHRISTINE,STORI,ANIBAL_MENDALUK,CHRISTINE STORI ANIBAL_MENDALUK,E0959
960,MANDEEP,SGOBBA,PREZZACCO,MANDEEP SGOBBA PREZZACCO,E0960
961,MOUAAD,RUDOLF_BIDERA,CONFORTTI,MOUAAD RUDOLF_BIDERA CONFORTTI,E0961
962,ELENA,IVAN_OKRUCINSKI,EPUIN,ELENA IVAN_OKRUCINSKI EPUIN,E0962
963,MARIO,MASLO,MARIA_CARREL,MARIO MASLO MARIA_CARREL,E0963
964,BRIAN,VELASQUEZ,BLANCA_LEFIMAN,BRIAN VELASQUEZ BLANCA_LEFIMAN,E0964
965,KAROL,ANN_PENNETTA,ISRAEL_AVOGADRO,KAROL ANN_PENNETTA ISRAEL_AVOGADRO,E0965
966,SINFOROSO,ESTELA_JANSE,SANTIAGO_DIONISIO,SINFOROSO ESTELA_JANSE SANTIAGO_DIONISIO,E0966
967,JESUS,ANGELICA_LEE,ANTONIO_GALVEZ,JESUS ANGELICA_LEE ANTONIO_GALVEZ,E0967
968,MONICA,ELIAS_DABUSTO,FEDERICO_BUDIP,MONICA ELIAS_DABUSTO FEDERICO_BUDIP,E0968
969,ANDREA,SBORDELATI,STANIZZO,ANDREA SBORDELATI STANIZZO,E0969
970,MANUEL,MANRIQUE_ESTREMERO,BEOLA,MANUEL MANRIQUE_ESTREMERO BEOLA,E0970
971,ARTURO,VELASQUEZ,OSWALDO_BIRIBIN,ARTURO VELASQUEZ OSWALDO_BIRIBIN,E0971
972,RENETA,CONCEPCION_ABACHINI,JOAQUINA_VIVALDO,RENETA CONCEPCION_ABACHINI JOAQUINA_VIVALDO,E0972
973,MARIA,YERAY_NARDA,WILLIAM_GUARNIOLO,MARIA YERAY_NARDA WILLIAM_GUARNIOLO,E0973
974,IVAN,FRANCESC_KAMANN,DARUICH,IVAN FRANCESC_KAMANN DARUICH,E0974
975,MOHAMADOU,JAVIER_BORDIS,FABIAN_BRUSAFERRI,MOHAMADOU JAVIER_BORDIS FABIAN_BRUSAFERRI,E0975
976,JUAN,LOURDES_AMPOSTA,BEATRIZ_DIEZ,JUAN LOURDES_AMPOSTA BEATRIZ_DIEZ,E0976
977,IVAN,EMILIA_PERROTTI,PASION_PERGOLINI,IVAN EMILIA_PERROTTI PASION_PERGOLINI,E0977
978,KEVIN,CARTURAN,ALBA_ELSTNER,KEVIN CARTURAN ALBA_ELSTNER,E0978
979,LOURDES,SORIN_GIORDANINO,RAMON_NAZAR,LOURDES SORIN_GIORDANINO RAMON_NAZAR,E0979
980,CHRISTINE,MOURATIAN,GABOARDI,CHRISTINE MOURATIAN GABOARDI,E0980
981,XIAOQUN,GONZALO_KESSLER,LUCIA_RUEDI,XIAOQUN GONZALO_KESSLER LUCIA_RUEDI,E0981
982,LINO,NIEVES_OLAZAGOITIA,HORTENSIA_MAGNO,LINO NIEVES_OLAZAGOITIA HORTENSIA_MAGNO,E0982
983,KATHERINE,ANTONIO_JORDAN,KRYWEZENIA,KATHERINE ANTONIO_JORDAN KRYWEZENIA,E0983
984,MARIA,RAMON_CAINO,FRANCISCO_BORRAS,MARIA RAMON_CAINO FRANCISCO_BORRAS,E0984
985,CARMEN,HELENA_GIOVANNETTI,ARISPE,CARMEN HELENA_GIOVANNETTI ARISPE,E0985
986,ROGELIO,CRISTAUDO,CARTURAN,ROGELIO CRISTAUDO CARTURAN,E0986
987,BANESA,ESTELA_INSAURRALDE,CECILIA_ZUBILLAGA,BANESA ESTELA_INSAURRALDE CECILIA_ZUBILLAGA,E0987
988,MANSOUR,DAVID_LUQUI,GORNO,MANSOUR DAVID_LUQUI GORNO,E0988
989,SHANTI,KATHERINE_GUAMAN,RAFAEL_MAGGIOLO,SHANTI KATHERINE_GUAMAN RAFAEL_MAGGIOLO,E0989
990,NOELIA,OÃÂ±ATE,NOEMI_SABINO,NOELIA OÃÂ±ATE NOEMI_SABINO,E0990
991,CRISTINA,CALA,PALOMA_TORLETTO,CRISTINA CALA PALOMA_TORLETTO,E0991
992,BEVERLY,D'_ARRIGO,ROSA_LUBIAN,BEVERLY D'_ARRIGO ROSA_LUBIAN,E0992
993,MAXIMO,CACCIAPUOTI,ANNA_SARDO,MAXIMO CACCIAPUOTI ANNA_SARDO,E0993
994,MARIA,BECCARIA,AURORA_RUZA,MARIA BECCARIA AURORA_RUZA,E0994
995,EÃAUT,RAUL_POLKOSKI,RIBLES,EÃAUT RAUL_POLKOSKI RIBLES,E0995
996,MELECIA,ANTENORI,OANA_PUZZI,MELECIA ANTENORI OANA_PUZZI,E0996
997,LICINIO,CROSSA,MARIANA_GALDEANO,LICINIO CROSSA MARIANA_GALDEANO,E0997
998,NICHITA,CARMEN_ELSTEIN,GUILLERMINA_LAURA,NICHITA CARMEN_ELSTEIN GUILLERMINA_LAURA,E0998
999,GUILLERMO,MATURANO,DE_OROMI,GUILLERMO MATURANO DE_OROMI,E0999
1000,MILAN,OVIDIU_GUILLERMO,SORIN_GIORDANINO,MILAN OVIDIU_GUILLERMO SORIN_GIORDANINO,E1000
